t,fase,health_ms,status,load1,load5,load15
0.0,base,4.72,200,4.57,7.74,8.87
5.0,base,1.98,200,4.28,7.63,8.83
10.0,base,1.10,200,4.02,7.52,8.79
15.0,base,1.96,200,3.78,7.41,8.74
20.0,base,1.50,200,3.56,7.31,8.70
25.0,base,1.22,200,3.43,7.22,8.67
30.0,base,1.40,200,3.24,7.11,8.62
35.0,base,2.23,200,3.14,7.03,8.59
40.0,base,1.27,200,2.97,6.93,8.55
45.0,base,1.39,200,2.81,6.83,8.51
50.0,base,2.06,200,2.74,6.75,8.47
55.0,base,1.53,200,2.68,6.67,8.44
60.0,carga,1.54,200,2.63,6.59,8.40
65.0,carga,1.75,200,2.58,6.52,8.37
70.0,carga,1.09,200,2.53,6.44,8.33
75.0,carga,1.43,200,2.49,6.37,8.30
80.0,carga,1.50,200,2.69,6.34,8.28
85.0,carga,0.96,200,2.63,6.27,8.25
90.0,carga,1.14,200,2.90,6.27,8.23
95.0,carga,1.04,200,3.07,6.25,8.22
100.0,carga,1.32,200,3.15,6.21,8.19
105.0,carga,1.31,200,3.62,6.25,8.20
110.0,carga,1.59,200,4.77,6.45,8.25
115.0,carga,1.76,200,5.43,6.56,8.28
120.0,carga,1.20,200,6.27,6.72,8.32
125.0,carga,1.33,200,6.41,6.74,8.31
130.0,carga,1.64,200,7.18,6.89,8.36
135.0,carga,1.17,200,9.97,7.47,8.54
140.0,carga,2.85,200,10.37,7.60,8.57
145.0,carga,1.71,200,10.74,7.72,8.61
150.0,carga,1.08,200,10.12,7.64,8.58
155.0,carga,1.10,200,9.31,7.52,8.53
160.0,carga,1.09,200,8.97,7.47,8.51
165.0,carga,1.21,200,8.81,7.47,8.50
170.0,carga,1.33,200,8.50,7.43,8.48
175.0,carga,1.70,200,8.30,7.40,8.47
180.0,carga,1.07,200,8.84,7.53,8.51
185.0,carga,1.62,200,8.93,7.57,8.51
190.0,carga,1.50,200,9.34,7.68,8.54
195.0,carga,1.10,200,9.39,7.72,8.55
200.0,carga,1.18,200,10.16,7.90,8.61
205.0,carga,1.37,200,9.91,7.89,8.60
210.0,carga,1.55,200,10.40,8.02,8.64
215.0,carga,2.18,200,10.12,8.01,8.63
220.0,carga,1.28,200,10.67,8.15,8.68
225.0,carga,1.25,200,9.98,8.05,8.64
230.0,carga,1.68,200,9.50,7.98,8.61
235.0,carga,1.97,200,9.22,7.95,8.60
240.0,carga,1.47,200,8.80,7.89,8.58
245.0,carga,1.41,200,8.50,7.84,8.56
250.0,carga,1.42,200,8.70,7.89,8.57
255.0,carga,1.41,200,9.28,8.02,8.61
260.0,carga,1.07,200,9.82,8.16,8.65
265.0,carga,1.15,200,10.24,8.27,8.68
270.0,carga,1.27,200,10.54,8.37,8.71
275.0,carga,1.53,200,10.33,8.36,8.71
280.0,carga,1.59,200,10.95,8.52,8.76
285.0,carga,1.49,200,10.87,8.55,8.77
290.0,carga,1.19,200,11.28,8.67,8.80
295.0,carga,1.30,200,10.62,8.58,8.77
300.0,carga,1.25,200,9.93,8.47,8.74
305.0,carga,1.19,200,9.69,8.44,8.73
310.0,carga,1.55,200,9.48,8.42,8.72
315.0,carga,1.40,200,9.28,8.39,8.71
320.0,carga,1.41,200,9.42,8.44,8.72
325.0,carga,1.95,200,9.62,8.50,8.74
330.0,carga,1.22,200,9.98,8.59,8.77
335.0,carga,1.11,200,10.30,8.68,8.80
340.0,carga,1.76,200,10.59,8.77,8.82
345.0,carga,1.25,200,10.95,8.87,8.86
350.0,carga,1.14,200,11.11,8.94,8.88
355.0,carga,1.18,200,11.18,8.99,8.90
360.0,carga,1.63,200,10.77,8.94,8.88
365.0,carga,1.29,200,10.39,8.89,8.87
370.0,carga,1.35,200,9.79,8.79,8.83
375.0,carga,2.14,200,9.41,8.73,8.81
380.0,carga,1.48,200,9.22,8.70,8.80
385.0,carga,1.11,200,8.96,8.66,8.79
390.0,carga,1.36,200,8.56,8.58,8.76
395.0,carga,1.49,200,9.08,8.69,8.80
400.0,carga,1.81,200,9.07,8.69,8.80
405.0,carga,1.12,200,9.55,8.80,8.83
410.0,carga,1.16,200,9.66,8.83,8.84
415.0,carga,1.55,200,10.25,8.97,8.89
420.0,carga,1.49,200,10.47,9.04,8.91
425.0,carga,1.92,200,10.27,9.02,8.90
430.0,carga,1.11,200,10.25,9.04,8.91
435.0,carga,1.39,200,9.67,8.93,8.88
440.0,carga,1.59,200,8.98,8.80,8.84
445.0,carga,1.77,200,8.74,8.76,8.82
450.0,carga,1.40,200,8.44,8.69,8.80
455.0,carga,1.35,200,8.08,8.62,8.77
460.0,carga,1.28,200,7.92,8.57,8.76
465.0,carga,1.41,200,8.16,8.61,8.77
470.0,carga,2.05,200,8.15,8.60,8.77
475.0,carga,1.29,200,8.46,8.66,8.78
480.0,carga,1.15,200,8.74,8.71,8.80
485.0,carga,1.40,200,9.00,8.77,8.82
490.0,carga,1.67,200,9.32,8.84,8.84
495.0,carga,1.23,200,9.54,8.89,8.86
500.0,carga,1.15,200,9.33,8.86,8.85
505.0,carga,2.11,200,8.83,8.76,8.82
510.0,carga,1.03,200,8.44,8.68,8.79
515.0,carga,1.28,200,8.32,8.66,8.78
520.0,carga,1.16,200,8.06,8.59,8.76
525.0,carga,1.82,200,7.97,8.57,8.75
530.0,carga,1.80,200,7.81,8.52,8.73
535.0,carga,1.32,200,8.15,8.58,8.75
540.0,carga,1.23,200,8.54,8.66,8.78
545.0,carga,1.35,200,8.82,8.71,8.79
550.0,carga,1.61,200,9.23,8.80,8.82
555.0,carga,2.17,200,9.29,8.82,8.83
560.0,carga,1.39,200,10.07,8.99,8.88
565.0,carga,1.32,200,10.15,9.02,8.89
570.0,carga,1.17,200,10.37,9.09,8.92
575.0,carga,1.39,200,9.62,8.95,8.87
580.0,carga,1.96,200,8.85,8.81,8.83
585.0,carga,1.16,200,8.54,8.74,8.80
590.0,carga,1.32,200,8.34,8.70,8.79
595.0,carga,1.38,200,8.23,8.67,8.78
600.0,carga,1.96,200,7.97,8.61,8.76
605.0,carga,1.14,200,7.90,8.58,8.75
610.0,carga,1.33,200,8.14,8.62,8.76
615.0,carga,1.07,200,8.29,8.64,8.77
620.0,carga,1.57,200,8.75,8.73,8.80
625.0,carga,1.11,200,9.17,8.82,8.83
630.0,carga,1.48,200,9.00,8.79,8.81
635.0,carga,1.18,200,9.56,8.91,8.85
640.0,carga,1.29,200,9.67,8.95,8.87
645.0,carga,1.28,200,8.98,8.81,8.82
650.0,carga,1.88,200,8.42,8.70,8.79
655.0,carga,1.76,200,8.23,8.66,8.77
660.0,carga,1.31,200,7.89,8.58,8.75
665.0,carga,1.35,200,7.66,8.52,8.72
670.0,carga,1.69,200,7.36,8.44,8.70
675.0,carga,1.64,200,7.81,8.52,8.72
680.0,carga,1.08,200,7.83,8.51,8.72
685.0,carga,1.53,200,8.00,8.53,8.73
690.0,carga,1.32,200,8.40,8.61,8.75
695.0,carga,1.68,200,8.93,8.72,8.78
700.0,carga,2.09,200,8.78,8.69,8.77
705.0,carga,1.29,200,9.20,8.77,8.80
710.0,carga,1.03,200,9.42,8.83,8.82
715.0,carga,1.98,200,9.07,8.76,8.80
720.0,carga,1.18,200,8.50,8.65,8.76
725.0,carga,1.44,200,8.22,8.59,8.74
730.0,carga,1.45,200,8.04,8.55,8.73
735.0,carga,1.58,200,7.80,8.49,8.71
740.0,carga,1.62,200,7.65,8.45,8.69
745.0,carga,1.09,200,8.16,8.54,8.72
750.0,carga,1.42,200,7.99,8.50,8.71
755.0,carga,1.20,200,8.63,8.62,8.75
760.0,carga,1.84,200,9.22,8.74,8.78
765.0,carga,1.27,200,9.60,8.83,8.81
770.0,carga,1.31,200,10.28,8.98,8.86
775.0,carga,1.96,200,10.25,9.00,8.87
780.0,carga,1.37,200,10.79,9.13,8.91
785.0,carga,1.51,200,9.93,8.98,8.86
790.0,carga,1.67,200,9.37,8.88,8.83
795.0,carga,1.98,200,8.62,8.73,8.78
800.0,carga,1.37,200,7.93,8.59,8.74
805.0,carga,1.35,200,7.30,8.45,8.69
810.0,carga,1.32,200,6.71,8.31,8.64
815.0,carga,1.26,200,6.26,8.18,8.60
820.0,carga,1.60,200,5.83,8.06,8.56
825.0,carga,1.93,200,5.53,7.96,8.52
830.0,carga,1.24,200,5.16,7.85,8.48
835.0,carga,1.49,200,5.15,7.80,8.47
840.0,carga,1.09,200,4.98,7.72,8.44
845.0,carga,1.61,200,4.66,7.61,8.40
850.0,carga,1.88,200,4.45,7.52,8.36
855.0,carga,1.21,200,4.41,7.46,8.34
860.0,carga,1.35,200,4.30,7.38,8.31
865.0,carga,1.42,200,4.19,7.31,8.28
870.0,carga,1.63,200,4.02,7.22,8.25
875.0,carga,1.75,200,3.78,7.12,8.21
880.0,carga,1.30,200,3.63,7.03,8.17
885.0,carga,1.35,200,3.42,6.93,8.13
890.0,carga,1.74,200,3.23,6.83,8.10
895.0,carga,1.15,200,3.13,6.75,8.06
900.0,carga,1.40,200,2.96,6.66,8.02
905.0,carga,1.62,200,2.88,6.58,7.99
910.0,carga,1.96,200,2.81,6.50,7.96
915.0,carga,1.43,200,2.83,6.44,7.93
920.0,carga,1.13,200,2.84,6.39,7.91
925.0,carga,1.40,200,2.93,6.35,7.88
930.0,carga,1.64,200,2.94,6.29,7.86
935.0,carga,1.25,200,3.02,6.25,7.84
940.0,carga,1.21,200,3.18,6.23,7.82
945.0,carga,1.73,200,3.17,6.18,7.80
950.0,carga,1.33,200,3.07,6.11,7.76
955.0,carga,1.30,200,2.99,6.04,7.73
960.0,carga,1.34,200,2.91,5.97,7.70
965.0,carga,1.18,200,2.92,5.92,7.68
970.0,carga,1.84,200,3.08,5.91,7.66
975.0,carga,1.71,200,3.16,5.88,7.64
980.0,carga,1.71,200,3.06,5.81,7.61
985.0,carga,1.46,200,2.98,5.75,7.58
990.0,carga,1.37,200,2.98,5.75,7.58
995.0,carga,1.38,200,2.98,5.70,7.56
1000.0,carga,1.56,200,2.98,5.66,7.53
1005.0,carga,1.65,200,2.82,5.58,7.50
1010.0,carga,1.99,200,2.68,5.50,7.46
1015.0,carga,1.48,200,2.46,5.41,7.42
1020.0,carga,1.81,200,2.35,5.34,7.39
1025.0,carga,2.00,200,2.16,5.25,7.35
1030.0,carga,2.20,200,2.06,5.18,7.31
1035.0,carga,1.47,200,1.90,5.09,7.27
1040.0,carga,1.12,200,2.07,5.07,7.25
1045.0,carga,1.93,200,2.14,5.04,7.23
1050.0,carga,2.49,200,2.05,4.97,7.20
1055.0,carga,1.25,200,1.97,4.90,7.16
1060.0,carga,1.70,200,1.81,4.82,7.12
1065.0,carga,1.89,200,1.74,4.76,7.09
1070.0,carga,1.57,200,1.84,4.73,7.07
1075.0,carga,1.29,200,1.78,4.67,7.04
1080.0,carga,2.45,200,2.03,4.67,7.03
1085.0,carga,1.52,200,1.87,4.60,6.99
1090.0,carga,1.85,200,1.72,4.52,6.95
1095.0,carga,2.26,200,1.58,4.44,6.91
1100.0,carga,1.72,200,1.70,4.42,6.89
1105.0,carga,1.57,200,1.56,4.35,6.85
1110.0,carga,1.92,200,1.52,4.29,6.82
1115.0,carga,1.29,200,1.39,4.22,6.78
1120.0,carga,1.78,200,1.36,4.17,6.75
1125.0,carga,1.84,200,1.41,4.13,6.73
1130.0,carga,2.01,200,1.38,4.08,6.70
1135.0,carga,1.09,200,1.35,4.03,6.67
1140.0,carga,1.90,200,1.64,4.04,6.66
1145.0,carga,2.02,200,1.67,4.01,6.63
1150.0,carga,1.28,200,1.62,3.96,6.60
1155.0,carga,1.85,200,1.81,3.96,6.59
1160.0,carga,2.17,200,1.98,3.96,6.57
1165.0,carga,1.43,200,1.90,3.91,6.54
1170.0,carga,1.76,200,1.75,3.85,6.51
1175.0,carga,1.92,200,1.69,3.80,6.48
1180.0,carga,1.31,200,1.72,3.77,6.45
1185.0,carga,1.67,200,1.74,3.74,6.43
1190.0,carga,1.80,200,1.68,3.69,6.40
1195.0,carga,1.36,200,1.62,3.65,6.37
1200.0,carga,2.35,200,1.81,3.65,6.36
1205.0,carga,1.54,200,1.67,3.59,6.32
1210.0,carga,2.01,200,1.54,3.53,6.29
1215.0,carga,1.44,200,1.41,3.47,6.25
1220.0,carga,2.04,200,1.62,3.48,6.24
1225.0,carga,1.48,200,1.57,3.44,6.21
1230.0,carga,2.16,200,1.44,3.38,6.18
1235.0,carga,2.40,200,1.33,3.33,6.15
1240.0,carga,1.42,200,1.22,3.27,6.11
1245.0,carga,2.07,200,1.12,3.22,6.08
1250.0,carga,1.73,200,1.03,3.16,6.05
1255.0,carga,1.63,200,0.95,3.11,6.02
1260.0,carga,2.24,200,0.96,3.08,5.99
1265.0,carga,1.42,200,0.88,3.02,5.96
1270.0,carga,2.05,200,0.81,2.97,5.92
1275.0,carga,2.23,200,0.74,2.92,5.89
1280.0,carga,1.36,200,0.68,2.88,5.86
1285.0,carga,1.51,200,0.63,2.83,5.83
1290.0,carga,1.99,200,0.58,2.78,5.80
1295.0,carga,2.02,200,0.53,2.73,5.76
1300.0,carga,2.35,200,0.49,2.69,5.73
1305.0,carga,1.79,200,0.45,2.64,5.70
1310.0,carga,1.95,200,0.41,2.60,5.67
1315.0,carga,1.41,200,0.46,2.57,5.65
1320.0,carga,1.97,200,0.58,2.56,5.63
1325.0,carga,1.93,200,0.54,2.52,5.60
1330.0,carga,1.64,200,0.49,2.48,5.57
1335.0,carga,2.00,200,0.45,2.44,5.54
1340.0,carga,1.40,200,0.42,2.40,5.51
1345.0,carga,1.50,200,0.38,2.36,5.48
1350.0,carga,2.00,200,0.35,2.32,5.45
1355.0,carga,2.19,200,0.32,2.28,5.42
1360.0,carga,1.81,200,0.30,2.24,5.39
1365.0,carga,1.95,200,0.27,2.20,5.36
1370.0,carga,1.75,200,0.33,2.18,5.33
1375.0,carga,1.49,200,0.31,2.15,5.31
1380.0,carga,2.31,200,0.44,2.14,5.29
1385.0,carga,2.39,200,0.41,2.11,5.26
1390.0,carga,1.49,200,0.45,2.09,5.24
1395.0,carga,2.19,200,0.42,2.05,5.21
1400.0,carga,1.46,200,0.38,2.02,5.18
1405.0,carga,1.46,200,0.35,1.99,5.15
1410.0,carga,2.24,200,0.40,1.97,5.13
1415.0,carga,1.48,200,0.37,1.94,5.10
1420.0,carga,2.40,200,0.34,1.90,5.07
1425.0,carga,2.16,200,0.31,1.87,5.05
1430.0,carga,1.69,200,0.29,1.84,5.02
1435.0,carga,1.73,200,0.27,1.81,4.99
1440.0,carga,2.18,200,0.32,1.80,4.97
1445.0,carga,2.30,200,0.46,1.80,4.95
1450.0,carga,1.48,200,0.42,1.77,4.93
1455.0,carga,2.27,200,0.39,1.74,4.90
1460.0,carga,1.73,200,0.44,1.73,4.88
1465.0,carga,1.84,200,0.56,1.73,4.86
1470.0,carga,2.18,200,0.52,1.70,4.84
1475.0,carga,2.17,200,0.48,1.67,4.81
1480.0,carga,1.47,200,0.52,1.66,4.79
1485.0,carga,2.31,200,0.48,1.64,4.76
1490.0,carga,1.66,200,0.52,1.62,4.74
1495.0,carga,1.52,200,0.48,1.60,4.72
1500.0,carga,1.91,200,0.52,1.59,4.70
1505.0,carga,2.02,200,0.56,1.58,4.68
1510.0,carga,1.43,200,0.59,1.57,4.66
1515.0,carga,2.31,200,0.54,1.54,4.63
1520.0,carga,1.38,200,0.50,1.52,4.61
1525.0,carga,1.46,200,0.46,1.49,4.58
1530.0,carga,1.91,200,0.42,1.47,4.56
1535.0,carga,2.05,200,0.63,1.49,4.55
1540.0,carga,2.47,200,0.58,1.47,4.52
1545.0,carga,1.39,200,0.53,1.44,4.50
1550.0,carga,1.78,200,0.49,1.42,4.48
1555.0,carga,2.18,200,0.69,1.44,4.47
1560.0,carga,1.61,200,0.72,1.44,4.45
1565.0,carga,2.24,200,0.82,1.45,4.43
1570.0,carga,2.32,200,0.83,1.44,4.42
1575.0,carga,1.21,200,0.85,1.43,4.40
1580.0,carga,2.12,200,0.78,1.41,4.37
1585.0,carga,2.05,200,0.80,1.40,4.35
1590.0,carga,1.40,200,0.73,1.38,4.33
1595.0,carga,2.05,200,0.75,1.37,4.31
1600.0,carga,1.42,200,0.77,1.36,4.30
1605.0,carga,1.65,200,0.71,1.34,4.27
1610.0,carga,2.02,200,0.66,1.32,4.25
1615.0,carga,2.55,200,0.60,1.30,4.23
1620.0,carga,1.23,200,0.63,1.29,4.21
1625.0,carga,1.85,200,0.74,1.30,4.20
1630.0,carga,1.94,200,0.68,1.28,4.17
1635.0,carga,2.14,200,0.63,1.26,4.15
1640.0,carga,1.43,200,0.66,1.26,4.13
1645.0,carga,1.40,200,0.69,1.25,4.12
1650.0,carga,2.27,200,0.63,1.23,4.09
1655.0,carga,1.38,200,0.58,1.21,4.07
1660.0,carga,1.85,200,0.53,1.19,4.05
1665.0,carga,2.11,200,0.57,1.19,4.03
1670.0,carga,2.39,200,0.69,1.20,4.02
1675.0,carga,1.79,200,0.63,1.18,4.00
1680.0,carga,2.17,200,0.58,1.16,3.98
1685.0,carga,2.17,200,0.69,1.17,3.97
1690.0,carga,1.40,200,0.64,1.15,3.95
1695.0,carga,2.17,200,0.83,1.18,3.94
1700.0,carga,1.65,200,0.92,1.20,3.93
1705.0,carga,1.41,200,0.85,1.18,3.91
1710.0,carga,1.71,200,0.78,1.16,3.89
1715.0,carga,1.22,200,0.72,1.14,3.87
1720.0,carga,2.20,200,0.66,1.12,3.85
1725.0,carga,1.29,200,0.61,1.10,3.82
1730.0,carga,2.49,200,0.56,1.08,3.80
1735.0,carga,2.27,200,0.91,1.15,3.81
1740.0,carga,1.38,200,1.08,1.18,3.81
1745.0,carga,2.14,200,1.15,1.19,3.80
1750.0,carga,1.60,200,1.06,1.17,3.78
1755.0,carga,1.72,200,1.06,1.17,3.76
1760.0,carga,1.49,200,0.97,1.15,3.74
1765.0,carga,1.67,200,1.05,1.16,3.73
1770.0,carga,2.04,200,0.97,1.14,3.71
1775.0,carga,2.21,200,1.05,1.16,3.70
1780.0,carga,1.37,200,0.97,1.14,3.68
1785.0,carga,2.39,200,0.97,1.14,3.67
1790.0,carga,1.42,200,0.89,1.12,3.65
1795.0,carga,1.42,200,0.82,1.10,3.63
1800.0,carga,2.03,200,0.75,1.08,3.61
1805.0,carga,1.42,200,0.85,1.10,3.60
1810.0,carga,1.92,200,0.79,1.08,3.58
1815.0,carga,1.82,200,0.72,1.06,3.56
1820.0,carga,1.50,200,0.67,1.04,3.54
1825.0,carga,1.51,200,0.77,1.06,3.53
1830.0,carga,2.23,200,0.71,1.04,3.51
1835.0,carga,1.82,200,0.89,1.07,3.51
1840.0,carga,1.98,200,0.82,1.05,3.49
1845.0,carga,1.79,200,0.76,1.04,3.47
1850.0,carga,2.21,200,0.70,1.02,3.45
1855.0,carga,2.28,200,0.64,1.00,3.43
1860.0,carga,1.84,200,0.59,0.98,3.41
1865.0,carga,2.38,200,0.70,1.00,3.41
1870.0,carga,1.74,200,0.65,0.98,3.39
1875.0,carga,1.94,200,0.67,0.99,3.38
1880.0,carga,2.07,200,0.62,0.97,3.36
1885.0,carga,1.37,200,0.57,0.95,3.34
1890.0,carga,1.91,200,0.52,0.94,3.32
1895.0,carga,2.15,200,0.48,0.92,3.30
1900.0,carga,2.08,200,0.44,0.91,3.28
1905.0,carga,1.52,200,0.41,0.89,3.27
1910.0,carga,2.31,200,0.46,0.89,3.25
1915.0,carga,1.84,200,0.42,0.88,3.24
1920.0,carga,2.10,200,0.38,0.86,3.22
1925.0,carga,1.50,200,0.43,0.86,3.21
1930.0,carga,1.96,200,0.40,0.85,3.19
1935.0,carga,2.06,200,0.37,0.84,3.17
1940.0,carga,2.23,200,0.34,0.82,3.15
1945.0,carga,2.32,200,0.39,0.83,3.14
1950.0,carga,1.55,200,0.36,0.81,3.13
1955.0,carga,1.45,200,0.41,0.81,3.11
1960.0,carga,1.75,200,0.54,0.83,3.11
1965.0,carga,2.03,200,1.86,1.10,3.18
1970.0,carga,1.19,200,1.71,1.08,3.16
1975.0,carga,1.41,200,2.93,1.35,3.24
1980.0,carga,1.98,200,2.70,1.33,3.22
1985.0,carga,2.02,200,2.48,1.30,3.20
1990.0,carga,2.29,200,2.28,1.28,3.19
1995.0,carga,1.82,200,2.10,1.26,3.17
2000.0,carga,2.21,200,2.01,1.26,3.16
2005.0,carga,2.07,200,1.85,1.24,3.14
2010.0,carga,2.31,200,1.70,1.21,3.12
2015.0,carga,2.23,200,1.56,1.19,3.11
2020.0,carga,1.82,200,1.44,1.17,3.09
2025.0,carga,2.04,200,1.32,1.15,3.07
2030.0,carga,2.60,200,1.22,1.13,3.06
2035.0,carga,1.55,200,1.12,1.12,3.04
2040.0,carga,2.32,200,1.03,1.10,3.02
2045.0,carga,1.68,200,0.95,1.08,3.01
2050.0,carga,1.90,200,0.87,1.06,2.99
2055.0,carga,1.18,200,0.88,1.06,2.98
2060.0,carga,1.86,200,0.81,1.04,2.96
2065.0,carga,1.96,200,0.83,1.04,2.95
2070.0,carga,1.26,200,0.76,1.02,2.94
2075.0,carga,1.97,200,0.70,1.01,2.92
2080.0,carga,2.39,200,0.64,0.99,2.90
2085.0,carga,1.44,200,0.67,0.99,2.89
2090.0,carga,2.32,200,0.62,0.97,2.88
2095.0,carga,2.25,200,0.57,0.96,2.86
2100.0,carga,1.74,200,0.52,0.94,2.85
2105.0,carga,1.90,200,0.48,0.92,2.83
2110.0,carga,1.40,200,0.44,0.91,2.81
2115.0,carga,1.94,200,0.41,0.89,2.80
2120.0,carga,2.03,200,0.37,0.88,2.78
2125.0,carga,2.11,200,0.34,0.86,2.77
2130.0,carga,2.15,200,0.40,0.87,2.76
2135.0,carga,1.82,200,0.36,0.85,2.74
2140.0,carga,2.27,200,0.33,0.84,2.73
2145.0,carga,1.41,200,0.31,0.82,2.71
2150.0,carga,1.57,200,0.28,0.81,2.70
2155.0,carga,2.42,200,0.26,0.80,2.69
2160.0,carga,1.84,200,0.40,0.82,2.68
2165.0,carga,1.55,200,0.45,0.82,2.67
2170.0,carga,2.25,200,0.41,0.81,2.66
2175.0,carga,1.61,200,0.46,0.81,2.65
2180.0,carga,2.16,200,0.42,0.79,2.63
2185.0,carga,2.35,200,0.47,0.80,2.62
2190.0,carga,1.39,200,0.43,0.78,2.61
2195.0,carga,1.98,200,0.48,0.79,2.60
2200.0,carga,2.08,200,0.52,0.79,2.59
2205.0,carga,1.54,200,0.72,0.83,2.60
2210.0,carga,1.67,200,0.82,0.85,2.59
2215.0,carga,2.40,200,0.75,0.83,2.58
2220.0,carga,1.47,200,0.85,0.85,2.57
2225.0,carga,1.77,200,0.79,0.84,2.56
2230.0,carga,1.86,200,0.80,0.84,2.55
2235.0,carga,2.18,200,0.74,0.83,2.54
2240.0,carga,1.83,200,0.68,0.81,2.52
2245.0,carga,1.56,200,0.71,0.82,2.52
2250.0,carga,1.94,200,0.65,0.80,2.50
2255.0,carga,2.23,200,0.60,0.79,2.49
2260.0,carga,1.56,200,0.63,0.79,2.48
2265.0,carga,2.25,200,0.66,0.80,2.47
2270.0,carga,1.82,200,0.69,0.80,2.46
2275.0,carga,1.76,200,0.71,0.80,2.45
2280.0,carga,1.89,200,0.65,0.79,2.44
2285.0,carga,2.35,200,0.60,0.78,2.43
2290.0,carga,1.34,200,0.63,0.78,2.42
2295.0,carga,1.87,200,0.58,0.77,2.41
2300.0,carga,1.48,200,0.54,0.76,2.39
2305.0,carga,1.72,200,0.49,0.74,2.38
2310.0,carga,1.92,200,0.45,0.73,2.37
2315.0,carga,2.06,200,0.42,0.72,2.35
2320.0,carga,1.61,200,0.38,0.71,2.34
2325.0,carga,1.83,200,0.51,0.73,2.34
2330.0,carga,2.22,200,0.47,0.72,2.33
2335.0,carga,1.31,200,0.43,0.70,2.31
2340.0,carga,1.94,200,0.56,0.73,2.31
2345.0,carga,2.30,200,0.51,0.71,2.30
2350.0,carga,2.26,200,0.55,0.72,2.29
2355.0,carga,1.23,200,0.51,0.71,2.28
2360.0,carga,2.24,200,0.47,0.69,2.27
2365.0,carga,1.30,200,0.51,0.70,2.26
2370.0,carga,1.84,200,0.63,0.72,2.26
2375.0,carga,2.36,200,0.58,0.71,2.25
2380.0,carga,1.37,200,0.53,0.70,2.23
2385.0,carga,1.97,200,0.49,0.69,2.22
2390.0,carga,2.22,200,0.77,0.74,2.23
2395.0,carga,1.56,200,0.71,0.73,2.22
