t,cpu_uvicorn_plat,rss_mb_uvicorn_plat,n_uvicorn_plat,cpu_uvicorn_manos,rss_mb_uvicorn_manos,n_uvicorn_manos,cpu_fake_chat,rss_mb_fake_chat,n_fake_chat,cpu_tesseract,rss_mb_tesseract,n_tesseract,cpu_pdftoppm,rss_mb_pdftoppm,n_pdftoppm,cpu_driver,rss_mb_driver,n_driver,cpu_otros,rss_mb_otros,n_otros,disco_tmp_kb,disco_ws_kb,disco_adj_kb,hilos_manos
0.0,0.0,202.4,1,0.0,302.3,1,0.0,49.8,1,0.0,0.0,0,0.0,0.0,0,0.0,0.0,0,0.0,262.5,2,0,207240,0,7
1.0,0.0,202.4,1,0.0,302.3,1,0.0,49.8,1,0.0,0.0,0,0.0,0.0,0,0.0,0.0,0,0.0,262.5,2,0,207240,0,7
2.0,0.0,202.4,1,0.0,302.3,1,0.0,49.8,1,0.0,0.0,0,0.0,0.0,0,0.0,0.0,0,0.0,262.5,2,0,207240,0,7
3.0,0.0,202.4,1,0.0,302.3,1,1.0,49.8,1,0.0,0.0,0,0.0,0.0,0,0.0,0.0,0,0.0,262.5,2,0,207240,0,7
4.0,0.0,202.4,1,0.0,302.3,1,0.0,49.8,1,0.0,0.0,0,0.0,0.0,0,0.0,0.0,0,0.0,262.5,2,0,207240,0,7
5.0,0.0,202.4,1,1.0,302.3,1,0.0,49.8,1,0.0,0.0,0,0.0,0.0,0,0.0,7.5,1,0.0,262.5,2,0,207240,0,7
6.0,75.0,206.4,1,11.0,184.7,1,2.0,49.8,1,0.0,0.0,0,0.0,210.6,4,18.0,238.1,1,26.0,399.2,2,0,207240,0,7
7.0,10.0,206.4,1,0.0,184.7,1,3.0,49.8,1,0.0,0.0,0,400.0,308.6,4,2.0,238.1,1,0.0,399.2,2,0,207240,0,7
8.0,7.0,206.4,1,0.0,184.7,1,2.0,49.8,1,0.0,0.0,0,399.0,308.6,4,1.0,238.1,1,0.0,399.2,2,0,207240,0,7
9.0,9.0,206.4,1,0.0,184.7,1,3.0,49.8,1,0.0,0.0,0,400.0,308.6,4,3.0,238.1,1,0.0,399.2,2,0,207240,0,7
10.0,8.0,206.4,1,0.0,184.7,1,2.0,49.8,1,0.0,0.0,0,400.0,308.6,4,3.0,238.1,1,0.0,399.2,2,0,504224,0,7
11.0,11.0,206.4,1,0.0,184.7,1,4.0,49.8,1,0.0,0.0,0,400.0,308.6,4,2.0,238.3,1,0.0,399.2,2,0,504224,0,7
12.0,9.0,206.4,1,0.0,184.7,1,2.0,49.8,1,0.0,0.0,0,400.0,308.6,4,2.0,238.3,1,0.0,399.2,2,0,504224,0,7
13.0,9.0,206.4,1,0.0,184.7,1,3.0,49.8,1,0.0,0.0,0,399.0,308.6,4,2.0,238.3,1,0.0,399.2,2,0,504224,0,7
14.0,12.0,206.4,1,1.0,184.7,1,3.0,49.8,1,0.0,0.0,0,397.0,308.6,4,2.0,238.3,1,0.0,399.2,2,0,504224,0,7
15.0,11.0,206.4,1,0.0,184.7,1,3.0,49.8,1,0.0,0.0,0,393.0,308.6,4,3.0,238.3,1,0.0,399.2,2,0,559448,0,7
16.0,6.0,206.4,1,0.0,184.7,1,2.0,49.8,1,0.0,0.0,0,401.0,308.6,4,2.0,238.3,1,0.0,399.2,2,0,559448,0,7
17.0,9.0,206.4,1,0.0,184.7,1,2.0,49.8,1,0.0,0.0,0,401.0,308.6,4,2.0,238.3,1,0.0,399.2,2,0,559448,0,7
18.0,10.0,206.4,1,0.0,184.7,1,4.0,49.8,1,0.0,0.0,0,400.0,308.6,4,2.0,238.3,1,0.0,399.2,2,0,559448,0,7
19.0,5.0,206.4,1,0.0,184.7,1,2.0,49.8,1,0.0,0.0,0,398.0,308.6,4,3.0,238.3,1,0.0,399.2,2,0,559448,0,7
20.0,9.0,206.4,1,0.0,184.7,1,3.0,49.8,1,0.0,0.0,0,400.0,308.6,4,2.0,238.3,1,0.0,399.2,2,0,614744,0,7
21.0,9.0,206.4,1,1.0,184.7,1,2.0,49.8,1,0.0,0.0,0,400.0,308.6,4,2.0,238.3,1,0.0,399.2,2,0,614744,0,7
22.0,9.0,206.4,1,0.0,184.7,1,3.0,49.8,1,0.0,0.0,0,400.0,308.6,4,2.0,238.3,1,0.0,399.2,2,0,614744,0,7
23.0,8.0,206.4,1,0.0,184.7,1,2.0,49.8,1,0.0,0.0,0,398.0,308.6,4,3.0,238.3,1,0.0,399.2,2,0,614744,0,7
24.0,10.0,206.4,1,0.0,184.7,1,4.0,49.8,1,0.0,0.0,0,402.0,308.6,4,2.0,238.6,1,0.0,399.2,2,0,614744,0,7
25.0,9.0,206.4,1,0.0,184.7,1,2.0,49.8,1,0.0,0.0,0,400.0,308.6,4,3.0,238.6,1,0.0,399.2,2,0,669716,0,7
26.0,8.0,206.4,1,1.0,135.5,1,2.0,49.8,1,0.0,275.8,4,0.0,0.0,0,1.0,238.6,1,0.0,399.2,2,0,669716,0,7
27.0,11.0,206.4,1,1.0,135.5,1,4.0,49.8,1,555.0,406.4,4,0.0,0.0,0,3.0,238.6,1,0.0,399.2,2,0,669716,0,7
28.0,11.0,206.4,1,1.0,135.5,1,3.0,49.8,1,264.0,507.7,4,0.0,0.0,0,3.0,238.6,1,0.0,399.2,2,0,669716,0,7
29.0,8.0,206.4,1,1.0,135.8,1,3.0,49.8,1,0.0,506.7,4,0.0,0.0,0,2.0,238.6,1,0.0,399.2,2,0,669716,0,7
30.0,12.0,206.4,1,2.0,135.8,1,3.0,49.8,1,0.0,459.2,4,0.0,0.0,0,3.0,238.6,1,0.0,399.2,2,0,678824,0,7
31.0,11.0,206.4,1,0.0,136.0,1,4.0,49.8,1,271.0,505.1,4,0.0,0.0,0,3.0,238.6,1,0.0,399.2,2,0,678824,0,7
32.0,9.0,206.4,1,2.0,136.0,1,2.0,49.8,1,0.0,489.7,4,0.0,0.0,0,2.0,238.6,1,0.0,399.2,2,0,678824,0,7
33.0,14.0,206.4,1,2.0,136.3,1,4.0,49.8,1,0.0,271.5,4,0.0,0.0,0,4.0,238.6,1,0.0,399.2,2,0,678824,0,7
34.0,9.0,206.4,1,0.0,136.3,1,3.0,49.8,1,852.9,508.6,4,0.0,0.0,0,2.0,238.6,1,0.0,399.2,2,0,678824,0,7
35.0,11.0,206.4,1,1.0,136.8,1,4.0,49.8,1,0.0,504.7,4,0.0,0.0,0,2.0,238.6,1,0.0,399.2,2,0,678824,0,7
36.0,8.0,206.4,1,1.0,136.8,1,2.0,49.8,1,0.0,500.1,4,0.0,0.0,0,3.0,238.6,1,0.0,399.2,2,0,678824,0,7
37.0,10.0,206.4,1,2.0,136.8,1,4.0,49.8,1,0.0,434.9,4,0.0,0.0,0,2.0,238.6,1,0.0,399.2,2,0,678824,0,7
38.0,11.0,206.4,1,1.0,136.8,1,3.0,49.8,1,0.0,396.3,4,0.0,0.0,0,3.0,238.6,1,0.0,399.2,2,0,678824,0,7
39.0,9.0,206.4,1,0.0,136.8,1,3.0,49.8,1,250.0,472.3,4,0.0,0.0,0,3.0,238.6,1,0.0,399.2,2,0,678824,0,7
40.0,11.0,206.4,1,2.0,136.8,1,4.0,49.8,1,0.0,227.0,4,0.0,0.0,0,2.0,238.6,1,0.0,399.2,2,0,678824,0,7
41.0,9.0,206.4,1,1.0,136.8,1,3.0,49.8,1,779.9,505.8,4,0.0,0.0,0,2.0,238.6,1,0.0,399.2,2,0,678824,0,7
42.0,12.0,206.4,1,0.0,136.8,1,3.0,49.8,1,0.0,505.1,4,0.0,0.0,0,2.0,238.6,1,0.0,399.2,2,0,678824,0,7
43.0,7.0,206.4,1,2.0,136.8,1,3.0,49.8,1,0.0,506.5,4,0.0,0.0,0,2.0,238.6,1,0.0,399.2,2,0,678824,0,7
44.0,11.0,206.4,1,1.0,136.8,1,2.0,49.8,1,0.0,507.4,4,0.0,0.0,0,3.0,238.8,1,0.0,399.2,2,0,678824,0,7
45.0,9.0,206.4,1,1.0,136.8,1,3.0,49.8,1,0.0,502.0,4,0.0,0.0,0,2.0,239.3,1,0.0,399.2,2,0,678824,0,7
46.0,10.0,206.4,1,1.0,136.8,1,3.0,49.8,1,0.0,374.2,4,0.0,0.0,0,2.0,239.6,1,0.0,399.2,2,0,678824,0,7
47.0,11.0,206.4,1,1.0,136.8,1,4.0,49.8,1,263.0,343.1,4,0.0,0.0,0,4.0,239.6,1,0.0,399.2,2,0,678824,0,7
48.0,10.0,206.4,1,1.0,136.8,1,3.0,49.8,1,869.9,504.9,4,0.0,0.0,0,2.0,239.8,1,0.0,399.2,2,0,678824,0,7
49.0,10.0,206.4,1,2.0,136.8,1,2.0,49.8,1,0.0,505.3,4,0.0,0.0,0,3.0,239.8,1,0.0,399.2,2,0,678824,0,7
50.0,9.0,206.4,1,0.0,136.8,1,4.0,49.8,1,0.0,503.7,4,0.0,0.0,0,2.0,240.1,1,0.0,399.2,2,0,678824,0,7
51.0,9.0,206.4,1,2.0,136.8,1,3.0,49.8,1,0.0,505.5,4,0.0,0.0,0,2.0,240.1,1,0.0,399.2,2,0,678824,0,7
52.0,12.0,206.4,1,2.0,136.8,1,3.0,49.8,1,0.0,499.2,4,0.0,0.0,0,2.0,240.1,1,0.0,399.2,2,0,678824,0,7
53.0,10.0,206.4,1,1.0,136.8,1,3.0,49.8,1,0.0,214.9,4,0.0,0.0,0,3.0,240.1,1,0.0,399.2,2,0,678824,0,7
54.0,9.0,206.4,1,0.0,136.8,1,3.0,49.8,1,1118.9,504.9,4,0.0,0.0,0,2.0,240.1,1,0.0,399.2,2,0,678824,0,7
55.0,10.0,206.4,1,2.0,136.8,1,3.0,49.8,1,0.0,506.3,4,0.0,0.0,0,2.0,240.3,1,0.0,399.2,2,0,678824,0,7
56.0,12.0,206.4,1,1.0,136.8,1,3.0,49.8,1,0.0,504.7,4,0.0,0.0,0,4.0,240.3,1,0.0,399.2,2,0,678824,0,7
57.0,8.0,206.4,1,2.0,136.8,1,2.0,49.8,1,0.0,507.8,4,0.0,0.0,0,3.0,240.3,1,0.0,399.2,2,0,678824,0,7
58.0,12.0,206.4,1,1.0,136.8,1,5.0,49.8,1,0.0,494.9,4,0.0,0.0,0,2.0,240.3,1,0.0,399.2,2,0,678824,0,7
59.0,13.0,206.4,1,0.0,136.8,1,3.0,49.8,1,1200.9,507.1,4,0.0,0.0,0,3.0,240.6,1,0.0,399.2,2,0,678824,0,7
60.0,8.0,206.4,1,1.0,137.0,1,3.0,49.8,1,0.0,506.8,4,0.0,0.0,0,2.0,240.6,1,0.0,399.2,2,0,678824,0,7
61.0,11.0,206.4,1,1.0,137.0,1,3.0,49.8,1,0.0,506.4,4,0.0,0.0,0,4.0,240.6,1,0.0,399.2,2,0,678824,0,7
62.0,9.0,206.4,1,2.0,137.0,1,3.0,49.8,1,0.0,504.8,4,0.0,0.0,0,2.0,241.1,1,0.0,399.2,2,0,678824,0,7
63.0,9.0,206.4,1,1.0,137.0,1,3.0,49.8,1,0.0,486.2,4,0.0,0.0,0,1.0,241.1,1,0.0,399.2,2,0,678824,0,7
64.0,12.0,206.4,1,2.0,137.0,1,4.0,49.8,1,0.0,185.5,4,0.0,0.0,0,4.0,241.3,1,0.0,399.2,2,0,678824,0,7
65.0,9.0,206.4,1,0.0,137.0,1,3.0,49.8,1,1102.9,504.7,4,0.0,0.0,0,2.0,241.6,1,0.0,399.2,2,0,678824,0,7
66.0,8.0,206.4,1,1.0,137.0,1,2.0,49.8,1,0.0,506.8,4,0.0,0.0,0,3.0,241.6,1,0.0,399.2,2,0,678824,0,7
67.0,13.0,206.4,1,2.0,137.0,1,3.0,49.8,1,0.0,506.8,4,0.0,0.0,0,2.0,242.1,1,0.0,399.2,2,0,678824,0,7
68.0,8.0,206.4,1,0.0,137.0,1,3.0,49.8,1,0.0,505.0,4,0.0,0.0,0,3.0,242.1,1,0.0,399.2,2,0,678824,0,7
69.0,13.0,206.4,1,2.0,137.0,1,4.0,49.8,1,0.0,420.6,4,0.0,0.0,0,4.0,242.3,1,0.0,399.2,2,0,678824,0,7
70.0,6.0,206.4,1,1.0,137.0,1,2.0,49.8,1,292.0,269.9,4,0.0,0.0,0,1.0,242.3,1,0.0,399.2,2,0,678824,0,7
71.0,11.0,206.4,1,0.0,137.0,1,3.0,49.8,1,851.9,503.4,4,0.0,0.0,0,3.0,242.3,1,0.0,399.2,2,0,678824,0,7
72.0,11.0,206.4,1,2.0,137.0,1,3.0,49.8,1,0.0,504.4,4,0.0,0.0,0,3.0,242.3,1,0.0,399.2,2,0,678824,0,7
73.0,8.0,206.4,1,2.0,137.0,1,3.0,49.8,1,0.0,374.8,3,0.0,0.0,0,2.0,242.3,1,0.0,399.2,2,0,678824,0,7
74.0,11.0,206.4,1,0.0,137.0,1,4.0,49.8,1,0.0,0.0,0,0.0,0.0,0,3.0,242.3,1,0.0,399.2,2,0,678824,0,7
75.0,10.0,206.4,1,0.0,137.0,1,2.0,49.8,1,0.0,0.0,0,0.0,0.0,0,2.0,242.3,1,0.0,399.2,2,0,453188,0,7
76.0,6.0,206.4,1,0.0,137.0,1,2.0,49.8,1,0.0,0.0,0,0.0,0.0,0,1.0,242.3,1,0.0,399.2,2,0,453188,0,7
77.0,11.0,206.4,1,8.0,164.3,1,3.0,49.8,1,0.0,0.0,0,0.0,209.7,4,3.0,242.3,1,0.0,399.2,2,0,453188,0,7
78.0,8.0,206.4,1,0.0,164.3,1,2.0,49.8,1,0.0,0.0,0,398.0,307.9,4,3.0,242.3,1,0.0,399.2,2,0,453188,0,7
79.0,9.0,206.4,1,0.0,164.3,1,2.0,49.8,1,0.0,0.0,0,398.0,307.9,4,2.0,242.3,1,0.0,399.2,2,0,453188,0,7
80.0,9.0,206.4,1,0.0,164.3,1,3.0,49.8,1,0.0,0.0,0,380.0,307.9,4,2.0,242.3,1,0.0,399.2,2,0,493168,0,7
81.0,8.0,206.4,1,1.0,164.3,1,3.0,49.8,1,0.0,0.0,0,400.0,307.9,4,1.0,242.3,1,0.0,399.2,2,0,493168,0,7
82.0,8.0,206.4,1,0.0,164.3,1,3.0,49.8,1,0.0,0.0,0,401.0,307.9,4,2.0,242.3,1,0.0,399.2,2,0,493168,0,7
83.0,10.0,206.4,1,0.0,164.3,1,3.0,49.8,1,0.0,0.0,0,390.0,307.9,4,2.0,242.3,1,0.0,399.2,2,0,493168,0,7
84.0,8.0,206.4,1,0.0,164.3,1,2.0,49.8,1,0.0,0.0,0,399.0,307.9,4,2.0,242.3,1,0.0,399.2,2,0,493168,0,7
85.0,6.0,206.4,1,0.0,164.3,1,2.0,49.8,1,0.0,0.0,0,400.0,307.9,4,2.0,242.3,1,0.0,399.2,2,0,548464,0,7
86.0,6.0,206.4,1,0.0,164.3,1,2.0,49.8,1,0.0,0.0,0,399.0,307.9,4,1.0,242.3,1,0.0,399.2,2,0,548464,0,7
87.0,9.0,206.4,1,0.0,164.3,1,3.0,49.8,1,0.0,0.0,0,392.0,307.9,4,2.0,242.3,1,0.0,399.2,2,0,548464,0,7
88.0,6.0,206.4,1,1.0,164.3,1,2.0,49.8,1,0.0,0.0,0,399.0,307.9,4,2.0,242.3,1,0.0,399.2,2,0,548464,0,7
89.0,8.0,206.4,1,0.0,164.3,1,2.0,49.8,1,0.0,0.0,0,399.0,307.9,4,1.0,242.3,1,0.0,399.2,2,0,548464,0,7
90.0,6.0,206.4,1,0.0,164.3,1,3.0,49.8,1,0.0,0.0,0,388.0,307.9,4,3.0,242.3,1,0.0,399.2,2,0,603116,0,7
91.0,8.0,206.4,1,0.0,164.3,1,2.0,49.8,1,0.0,0.0,0,399.0,307.9,4,1.0,242.3,1,0.0,399.2,2,0,603116,0,7
92.0,6.0,206.4,1,0.0,164.3,1,2.0,49.8,1,0.0,0.0,0,401.0,307.9,4,2.0,242.3,1,0.0,399.2,2,0,603116,0,7
93.0,7.0,206.4,1,0.0,164.3,1,2.0,49.8,1,0.0,0.0,0,399.0,307.9,4,2.0,242.3,1,0.0,399.2,2,0,603116,0,7
94.0,9.0,206.4,1,0.0,164.3,1,2.0,49.8,1,0.0,0.0,0,400.0,307.9,4,2.0,242.8,1,0.0,399.2,2,0,603116,0,7
95.0,6.0,206.4,1,0.0,164.3,1,2.0,49.8,1,0.0,0.0,0,393.0,307.9,4,1.0,242.8,1,0.0,399.2,2,0,658412,0,7
96.0,8.0,206.4,1,0.0,164.3,1,3.0,49.8,1,0.0,0.0,0,400.0,307.9,4,2.0,242.8,1,0.0,399.2,2,0,658412,0,7
97.0,9.0,206.4,1,1.0,171.3,1,2.0,49.8,1,0.0,339.5,3,99.0,77.4,1,3.0,242.8,1,0.0,399.2,2,0,658412,0,7
98.0,6.0,206.4,1,1.0,173.8,1,2.0,49.8,1,299.0,504.9,4,0.0,0.0,0,1.0,242.8,1,0.0,399.2,2,0,658412,0,7
99.0,8.0,206.4,1,1.0,173.8,1,3.0,49.8,1,0.0,403.6,4,0.0,0.0,0,2.0,242.8,1,0.0,399.2,2,0,658412,0,7
100.0,10.0,206.4,1,1.0,173.8,1,2.0,49.8,1,535.0,509.1,4,0.0,0.0,0,2.0,242.8,1,0.0,399.2,2,0,678560,0,7
101.0,8.0,206.4,1,1.0,173.8,1,3.0,49.8,1,0.0,507.4,4,0.0,0.0,0,2.0,242.8,1,0.0,399.2,2,0,678560,0,7
102.0,10.0,206.4,1,1.0,173.8,1,4.0,49.8,1,0.0,458.0,4,0.0,0.0,0,2.0,242.8,1,0.0,399.2,2,0,678560,0,7
103.0,7.0,206.4,1,1.0,173.8,1,1.0,49.8,1,273.0,428.8,4,0.0,0.0,0,2.0,242.8,1,0.0,399.2,2,0,678560,0,7
104.0,7.0,206.4,1,1.0,173.8,1,3.0,49.8,1,283.0,500.7,4,0.0,0.0,0,3.0,242.8,1,0.0,399.2,2,0,678560,0,7
105.0,8.0,206.4,1,1.0,173.8,1,2.0,49.8,1,0.0,427.2,4,0.0,0.0,0,1.0,242.8,1,0.0,399.2,2,0,678560,0,7
106.0,8.0,206.4,1,1.0,173.8,1,3.0,49.8,1,274.0,434.8,4,0.0,0.0,0,2.0,242.8,1,0.0,399.2,2,0,678560,0,7
107.0,9.0,206.4,1,1.0,173.8,1,3.0,49.8,1,0.0,415.2,4,0.0,0.0,0,2.0,242.8,1,0.0,399.2,2,0,678560,0,7
108.0,8.0,206.4,1,1.0,173.8,1,2.0,49.8,1,276.0,506.6,4,0.0,0.0,0,2.0,242.8,1,0.0,399.2,2,0,678560,0,7
109.0,8.0,206.4,1,2.0,174.0,1,3.0,49.8,1,0.0,500.7,4,0.0,0.0,0,3.0,242.8,1,0.0,399.2,2,0,678560,0,7
110.0,8.0,206.4,1,0.0,174.0,1,2.0,49.8,1,0.0,453.3,4,0.0,0.0,0,2.0,242.8,1,0.0,399.2,2,0,678560,0,7
111.0,6.0,206.4,1,2.0,174.0,1,2.0,49.8,1,0.0,334.5,4,0.0,0.0,0,1.0,242.8,1,0.0,399.2,2,0,678560,0,7
112.0,9.0,206.6,1,0.0,174.0,1,3.0,49.8,1,549.0,487.4,4,0.0,0.0,0,2.0,242.8,1,0.0,399.2,2,0,678560,0,7
113.0,5.0,207.1,1,1.0,174.0,1,2.0,49.8,1,0.0,425.9,4,0.0,0.0,0,2.0,242.8,1,0.0,399.2,2,0,678560,0,7
114.0,10.0,208.4,1,1.0,174.0,1,3.0,49.8,1,278.0,480.6,4,0.0,0.0,0,1.0,242.8,1,0.0,399.2,2,0,678560,0,7
115.0,5.0,208.6,1,1.0,174.0,1,1.0,49.8,1,0.0,429.1,4,0.0,0.0,0,3.0,242.8,1,0.0,399.2,2,0,678560,0,7
116.0,12.0,209.1,1,1.0,174.0,1,3.0,49.8,1,278.0,507.5,4,0.0,0.0,0,2.0,242.8,1,0.0,399.2,2,0,678560,0,7
117.0,6.0,209.6,1,2.0,174.0,1,2.0,49.8,1,0.0,500.1,4,0.0,0.0,0,2.0,242.8,1,0.0,399.2,2,0,678560,0,7
118.0,11.0,210.6,1,1.0,174.0,1,3.0,49.8,1,0.0,412.3,4,0.0,0.0,0,2.0,242.8,1,0.0,399.2,2,0,678560,0,7
119.0,4.0,210.9,1,1.0,174.0,1,2.0,49.8,1,268.0,476.6,4,0.0,0.0,0,1.0,242.8,1,0.0,399.2,2,0,678560,0,7
120.0,17.0,211.4,1,0.0,174.0,1,2.0,49.8,1,0.0,388.4,4,0.0,0.0,0,2.0,242.8,1,0.0,399.2,2,0,678560,0,7
121.0,6.0,211.4,1,2.0,174.0,1,2.0,49.8,1,264.0,405.4,4,0.0,0.0,0,2.0,242.8,1,0.0,399.2,2,0,678560,0,7
122.0,10.0,211.4,1,1.0,174.3,1,3.0,49.8,1,263.0,433.7,4,0.0,0.0,0,3.0,242.8,1,0.0,399.2,2,0,678560,0,7
123.0,8.0,211.4,1,1.0,174.3,1,3.0,49.8,1,289.0,503.1,4,0.0,0.0,0,2.0,242.8,1,0.0,399.2,2,0,678560,0,7
124.0,9.0,211.4,1,1.0,174.3,1,2.0,49.8,1,0.0,477.1,4,0.0,0.0,0,2.0,242.8,1,0.0,399.2,2,0,678560,0,7
125.0,7.0,211.4,1,2.0,174.3,1,2.0,49.8,1,0.0,429.2,4,0.0,0.0,0,2.0,242.8,1,0.0,399.2,2,0,678560,0,7
126.0,7.0,211.4,1,0.0,174.3,1,2.0,49.8,1,264.0,470.6,4,0.0,0.0,0,2.0,242.8,1,0.0,399.2,2,0,678560,0,7
127.0,11.0,211.4,1,2.0,174.3,1,5.0,49.8,1,300.0,472.5,4,0.0,0.0,0,2.0,242.8,1,0.0,399.2,2,0,678560,0,7
128.0,9.0,211.4,1,1.0,174.3,1,2.0,49.8,1,0.0,332.6,4,0.0,0.0,0,3.0,242.8,1,0.0,399.2,2,0,678560,0,7
129.0,10.0,211.4,1,1.0,174.3,1,3.0,49.8,1,539.0,506.0,4,0.0,0.0,0,2.0,242.8,1,0.0,399.2,2,0,678560,0,7
130.0,6.0,211.4,1,1.0,174.3,1,2.0,49.8,1,0.0,503.6,4,0.0,0.0,0,1.0,242.8,1,0.0,399.2,2,0,678560,0,7
131.0,11.0,211.4,1,1.0,174.3,1,3.0,49.8,1,0.0,431.1,4,0.0,0.0,0,3.0,242.8,1,0.0,399.2,2,0,678560,0,7
132.0,6.0,211.4,1,1.0,174.3,1,2.0,49.8,1,287.0,506.9,4,0.0,0.0,0,3.0,242.8,1,0.0,399.2,2,0,678560,0,7
133.0,9.0,211.4,1,2.0,174.3,1,2.0,49.8,1,0.0,469.3,4,0.0,0.0,0,2.0,242.8,1,0.0,399.2,2,0,678560,0,7
134.0,7.0,211.4,1,0.0,174.3,1,2.0,49.8,1,0.0,373.2,4,0.0,0.0,0,1.0,242.8,1,0.0,399.2,2,0,678560,0,7
135.0,7.0,211.4,1,2.0,174.3,1,2.0,49.8,1,252.0,367.6,4,0.0,0.0,0,2.0,242.8,1,0.0,399.2,2,0,678560,0,7
136.0,9.0,211.4,1,1.0,174.3,1,3.0,49.8,1,540.0,505.1,4,0.0,0.0,0,3.0,242.8,1,0.0,399.2,2,0,678560,0,7
137.0,10.0,211.4,1,1.0,174.3,1,2.0,49.8,1,0.0,506.3,4,0.0,0.0,0,2.0,242.8,1,0.0,399.2,2,0,678560,0,7
138.0,8.0,211.4,1,2.0,174.5,1,2.0,49.8,1,0.0,433.1,4,0.0,0.0,0,2.0,242.8,1,0.0,399.2,2,0,678560,0,7
139.0,6.0,211.4,1,0.0,174.5,1,2.0,49.8,1,279.0,480.3,4,0.0,0.0,0,2.0,242.8,1,0.0,399.2,2,0,678560,0,7
140.0,13.0,211.4,1,2.0,174.5,1,4.0,49.8,1,0.0,423.3,4,0.0,0.0,0,3.0,242.8,1,0.0,399.2,2,0,678560,0,7
141.0,7.0,211.4,1,1.0,174.5,1,1.0,49.8,1,276.0,496.4,4,0.0,0.0,0,2.0,242.8,1,0.0,399.2,2,0,678560,0,7
142.0,9.0,211.4,1,1.0,174.8,1,3.0,49.8,1,0.0,337.5,4,0.0,0.0,0,2.0,242.8,1,0.0,399.2,2,0,678560,0,7
143.0,8.0,211.4,1,1.0,174.8,1,2.0,49.8,1,526.9,503.6,4,0.0,0.0,0,2.0,242.8,1,0.0,399.2,2,0,678560,0,7
144.0,7.0,211.4,1,2.0,174.8,1,2.0,49.8,1,0.0,0.0,0,0.0,0.0,0,2.0,242.8,1,0.0,399.2,2,0,678560,0,7
145.0,4.0,211.4,1,0.0,174.8,1,2.0,49.8,1,0.0,0.0,0,0.0,0.0,0,1.0,242.8,1,0.0,399.2,2,0,453372,0,7
146.0,10.0,211.4,1,0.0,174.8,1,3.0,49.8,1,0.0,0.0,0,0.0,0.0,0,3.0,242.8,1,0.0,399.2,2,0,453372,0,7
147.0,10.0,211.4,1,9.0,203.5,1,2.0,49.8,1,0.0,0.0,0,0.0,210.7,4,3.0,242.8,1,0.0,399.2,2,0,453372,0,7
148.0,5.0,211.4,1,0.0,203.5,1,1.0,49.8,1,0.0,0.0,0,383.0,308.4,4,2.0,242.8,1,0.0,399.2,2,0,453372,0,7
149.0,8.0,211.4,1,0.0,203.5,1,3.0,49.8,1,0.0,0.0,0,400.0,308.4,4,1.0,242.8,1,0.0,399.2,2,0,453372,0,7
150.0,6.0,211.4,1,0.0,203.5,1,1.0,49.8,1,0.0,0.0,0,400.0,308.4,4,2.0,242.8,1,0.0,399.2,2,0,491404,0,7
151.0,6.0,211.4,1,0.0,203.5,1,2.0,49.8,1,0.0,0.0,0,401.0,308.4,4,2.0,242.8,1,0.0,399.2,2,0,491404,0,7
152.0,9.0,211.4,1,0.0,203.5,1,4.0,49.8,1,0.0,0.0,0,400.0,308.4,4,2.0,242.8,1,0.0,399.2,2,0,491404,0,7
153.0,4.0,211.4,1,0.0,203.5,1,1.0,49.8,1,0.0,0.0,0,379.8,308.4,4,1.0,242.8,1,0.0,399.2,2,0,491404,0,7
154.0,9.0,211.4,1,0.0,203.5,1,2.0,49.8,1,0.0,0.0,0,395.0,308.4,4,3.0,242.8,1,0.0,399.2,2,0,491404,0,7
155.0,5.0,211.4,1,0.0,203.5,1,2.0,49.8,1,0.0,0.0,0,398.0,308.4,4,1.0,242.8,1,0.0,399.2,2,0,546348,0,7
156.0,4.0,211.4,1,0.0,203.5,1,1.0,49.8,1,0.0,0.0,0,400.0,308.4,4,1.0,242.8,1,0.0,399.2,2,0,546348,0,7
157.0,8.0,211.4,1,1.0,203.5,1,2.0,49.8,1,0.0,0.0,0,385.0,308.4,4,3.0,242.8,1,0.0,399.2,2,0,546348,0,7
158.0,6.0,211.4,1,0.0,203.5,1,1.0,49.8,1,0.0,0.0,0,401.0,308.4,4,2.0,242.8,1,0.0,399.2,2,0,546348,0,7
159.0,6.0,211.4,1,0.0,203.5,1,2.0,49.8,1,0.0,0.0,0,400.0,308.7,4,1.0,242.8,1,0.0,399.2,2,0,546348,0,7
160.0,4.0,211.4,1,0.0,203.5,1,1.0,49.8,1,0.0,0.0,0,399.0,308.7,4,2.0,242.8,1,0.0,399.2,2,0,600612,0,7
161.0,9.0,211.4,1,0.0,203.5,1,2.0,49.8,1,0.0,0.0,0,399.0,308.7,4,1.0,242.8,1,0.0,399.2,2,0,600612,0,7
162.0,6.0,211.4,1,0.0,203.5,1,2.0,49.8,1,0.0,0.0,0,400.0,308.7,4,2.0,242.8,1,0.0,399.2,2,0,600612,0,7
163.0,7.0,211.4,1,0.0,203.5,1,2.0,49.8,1,0.0,0.0,0,399.0,308.7,4,2.0,242.8,1,0.0,399.2,2,0,600612,0,7
164.0,6.0,211.4,1,0.0,203.5,1,2.0,49.8,1,0.0,0.0,0,401.0,308.7,4,1.0,242.8,1,0.0,399.2,2,0,600612,0,7
165.0,6.0,211.4,1,0.0,203.5,1,1.0,49.8,1,0.0,0.0,0,400.0,308.7,4,2.0,242.8,1,0.0,399.2,2,0,654900,0,7
166.0,6.0,211.4,1,0.0,203.5,1,2.0,49.8,1,0.0,0.0,0,389.0,308.7,4,1.0,242.8,1,0.0,399.2,2,0,654900,0,7
167.0,3.0,211.4,1,1.0,208.3,1,1.0,49.8,1,0.0,138.0,2,200.0,154.0,2,1.0,242.8,1,0.0,399.2,2,0,654900,0,7
168.0,9.0,211.4,1,1.0,213.0,1,3.0,49.8,1,573.0,505.0,4,0.0,0.0,0,3.0,242.8,1,0.0,399.2,2,0,654900,0,7
169.0,3.0,211.4,1,1.0,213.0,1,0.0,49.8,1,0.0,418.1,4,0.0,0.0,0,1.0,242.8,1,0.0,399.2,2,0,654900,0,7
170.0,9.0,211.4,1,1.0,213.0,1,3.0,49.8,1,541.0,509.4,4,0.0,0.0,0,2.0,242.8,1,0.0,399.2,2,0,679560,0,7
171.0,8.0,211.4,1,1.0,213.3,1,2.0,49.8,1,0.0,506.6,4,0.0,0.0,0,2.0,242.8,1,0.0,399.2,2,0,679560,0,7
172.0,8.0,211.4,1,1.0,213.3,1,2.0,49.8,1,0.0,504.2,4,0.0,0.0,0,2.0,242.8,1,0.0,399.2,2,0,679560,0,7
173.0,5.0,211.4,1,2.0,213.3,1,1.0,49.8,1,0.0,349.6,4,0.0,0.0,0,2.0,242.8,1,0.0,399.2,2,0,679560,0,7
174.0,8.0,211.4,1,0.0,213.3,1,3.0,49.8,1,264.0,387.0,4,0.0,0.0,0,2.0,242.8,1,0.0,399.2,2,0,679560,0,7
175.0,5.0,211.4,1,2.0,213.3,1,1.0,49.8,1,252.0,475.9,4,0.0,0.0,0,2.0,242.8,1,0.0,399.2,2,0,679560,0,7
176.0,7.0,211.4,1,1.0,213.3,1,2.0,49.8,1,0.0,318.3,4,0.0,0.0,0,1.0,242.8,1,0.0,399.2,2,0,679560,0,7
177.0,7.0,211.4,1,1.0,213.3,1,2.0,49.8,1,538.0,506.8,4,0.0,0.0,0,2.0,242.8,1,0.0,399.2,2,0,679560,0,7
178.0,4.0,211.4,1,1.0,213.3,1,2.0,49.8,1,0.0,507.4,4,0.0,0.0,0,1.0,242.8,1,0.0,399.2,2,0,679560,0,7
179.0,4.0,211.4,1,1.0,213.3,1,1.0,49.8,1,0.0,507.7,4,0.0,0.0,0,1.0,242.8,1,0.0,399.2,2,0,679560,0,7
180.0,7.0,211.4,1,1.0,213.3,1,3.0,49.8,1,0.0,504.9,4,0.0,0.0,0,1.0,242.8,1,0.0,399.2,2,0,679560,0,7
181.0,4.0,211.4,1,2.0,213.3,1,2.0,49.8,1,0.0,443.6,4,0.0,0.0,0,2.0,242.8,1,0.0,399.2,2,0,679560,0,7
182.0,5.0,211.4,1,0.0,213.3,1,2.0,49.8,1,0.0,409.9,4,0.0,0.0,0,1.0,242.8,1,0.0,399.2,2,0,679560,0,7
183.0,7.0,211.4,1,1.0,213.3,1,2.0,49.8,1,265.0,424.8,4,0.0,0.0,0,2.0,242.8,1,0.0,399.2,2,0,679560,0,7
184.0,6.0,211.4,1,2.0,213.3,1,1.0,49.8,1,290.0,434.0,4,0.0,0.0,0,2.0,242.8,1,0.0,399.2,2,0,679560,0,7
185.0,6.0,211.4,1,0.0,213.3,1,2.0,49.8,1,570.0,507.9,4,0.0,0.0,0,1.0,242.8,1,0.0,399.2,2,0,679560,0,7
186.0,4.0,211.4,1,1.0,213.5,1,1.0,49.8,1,0.0,507.2,4,0.0,0.0,0,1.0,242.8,1,0.0,399.2,2,0,679560,0,7
187.0,6.0,211.4,1,2.0,213.5,1,2.0,49.8,1,0.0,504.1,4,0.0,0.0,0,1.0,242.8,1,0.0,399.2,2,0,679560,0,7
188.0,7.0,211.4,1,1.0,213.5,1,2.0,49.8,1,0.0,504.6,4,0.0,0.0,0,2.0,242.8,1,0.0,399.2,2,0,679560,0,7
189.0,4.0,211.4,1,1.0,213.5,1,1.0,49.8,1,0.0,483.3,4,0.0,0.0,0,1.0,242.8,1,0.0,399.2,2,0,679560,0,7
190.0,8.0,211.4,1,1.0,213.5,1,3.0,49.8,1,0.0,404.1,4,0.0,0.0,0,2.0,242.8,1,0.0,399.2,2,0,679560,0,7
191.0,4.0,211.4,1,1.0,213.5,1,1.0,49.8,1,277.0,344.5,4,0.0,0.0,0,1.0,242.8,1,0.0,399.2,2,0,679560,0,7
192.0,8.0,211.4,1,1.0,213.5,1,2.0,49.8,1,280.0,502.6,4,0.0,0.0,0,2.0,242.8,1,0.0,399.2,2,0,679560,0,7
193.0,7.0,211.4,1,1.0,213.5,1,2.0,49.8,1,0.0,408.6,4,0.0,0.0,0,2.0,242.8,1,0.0,399.2,2,0,679560,0,7
194.0,6.0,211.4,1,1.0,213.5,1,2.0,49.8,1,269.0,446.1,4,0.0,0.0,0,1.0,242.8,1,0.0,399.2,2,0,679560,0,7
195.0,7.0,211.4,1,1.0,213.5,1,2.0,49.8,1,0.0,380.3,3,0.0,0.0,0,2.0,242.8,1,0.0,399.2,2,0,679560,0,7
196.0,6.0,211.4,1,1.0,213.5,1,2.0,49.8,1,0.0,510.2,4,0.0,0.0,0,1.0,242.8,1,0.0,399.2,2,0,679560,0,7
197.0,5.0,211.4,1,2.0,213.5,1,2.0,49.8,1,0.0,503.1,4,0.0,0.0,0,1.0,242.8,1,0.0,399.2,2,0,679560,0,7
198.0,7.0,211.4,1,1.0,213.5,1,2.0,49.8,1,0.0,465.8,4,0.0,0.0,0,3.0,242.8,1,0.0,399.2,2,0,679560,0,7
199.0,5.0,211.4,1,1.0,213.5,1,2.0,49.8,1,285.0,433.9,4,0.0,0.0,0,1.0,242.8,1,0.0,399.2,2,0,679560,0,7
200.0,7.0,211.4,1,0.0,213.5,1,2.0,49.8,1,0.0,401.6,4,0.0,0.0,0,1.0,242.8,1,0.0,399.2,2,0,679560,0,7
201.0,8.0,211.4,1,2.0,213.5,1,2.0,49.8,1,268.0,427.9,4,0.0,0.0,0,3.0,242.8,1,0.0,399.2,2,0,679560,0,7
202.0,7.0,211.4,1,0.0,213.5,1,2.0,49.8,1,278.0,502.1,4,0.0,0.0,0,2.0,242.8,1,0.0,399.2,2,0,679560,0,7
203.0,5.0,211.4,1,3.0,213.5,1,2.0,49.8,1,0.0,429.0,4,0.0,0.0,0,1.0,242.8,1,0.0,399.2,2,0,679560,0,7
204.0,5.0,211.4,1,0.0,213.5,1,2.0,49.8,1,278.0,507.7,4,0.0,0.0,0,1.0,242.8,1,0.0,399.2,2,0,679560,0,7
205.0,7.0,211.4,1,1.0,213.5,1,2.0,49.8,1,0.0,503.6,4,0.0,0.0,0,2.0,242.8,1,0.0,399.2,2,0,679560,0,7
206.0,8.0,211.4,1,2.0,213.5,1,2.0,49.8,1,0.0,447.4,4,0.0,0.0,0,2.0,242.8,1,0.0,399.2,2,0,679560,0,7
207.0,9.0,211.4,1,0.0,213.5,1,2.0,49.8,1,297.0,334.5,4,0.0,0.0,0,2.0,242.8,1,0.0,399.2,2,0,679560,0,7
208.0,6.0,211.4,1,2.0,213.5,1,3.0,49.8,1,540.0,508.2,4,0.0,0.0,0,1.0,242.8,1,0.0,399.2,2,0,679560,0,7
209.0,6.0,211.4,1,1.0,213.5,1,1.0,49.8,1,0.0,507.1,4,0.0,0.0,0,3.0,242.8,1,0.0,399.2,2,0,679560,0,7
210.0,5.0,211.4,1,1.0,213.5,1,2.0,49.8,1,0.0,506.0,4,0.0,0.0,0,2.0,242.8,1,0.0,399.2,2,0,679560,0,7
211.0,10.0,211.4,1,1.0,213.5,1,3.0,49.8,1,0.0,479.7,4,0.0,0.0,0,2.0,242.8,1,0.0,399.2,2,0,679560,0,7
212.0,5.0,211.4,1,1.0,213.5,1,1.0,49.8,1,298.0,425.2,4,0.0,0.0,0,1.0,242.8,1,0.0,399.2,2,0,679560,0,7
213.0,6.0,211.4,1,1.0,213.5,1,2.0,49.8,1,0.0,247.1,2,0.0,0.0,0,1.0,242.8,1,0.0,399.2,2,0,679560,0,7
214.0,4.0,211.4,1,2.0,213.5,1,1.0,49.8,1,0.0,0.0,0,0.0,0.0,0,2.0,242.8,1,0.0,399.2,2,0,679560,0,7
215.0,5.0,211.4,1,0.0,213.5,1,2.0,49.8,1,0.0,0.0,0,0.0,0.0,0,1.0,242.8,1,0.0,399.2,2,0,453564,0,7
216.0,8.0,211.4,1,0.0,213.5,1,2.0,49.8,1,0.0,0.0,0,0.0,0.0,0,2.0,242.8,1,0.0,399.2,2,0,453564,0,7
217.0,3.0,211.4,1,8.0,242.0,1,0.0,49.8,1,0.0,0.0,0,0.0,209.9,4,1.0,242.8,1,0.0,399.2,2,0,453564,0,7
218.0,7.0,211.4,1,0.0,242.0,1,3.0,49.8,1,0.0,0.0,0,400.0,307.4,4,1.0,242.8,1,0.0,399.2,2,0,453564,0,7
219.0,3.0,211.4,1,0.0,242.0,1,0.0,49.8,1,0.0,0.0,0,400.0,307.4,4,1.0,242.8,1,0.0,399.2,2,0,453564,0,7
220.0,5.0,211.4,1,0.0,242.0,1,2.0,49.8,1,0.0,0.0,0,399.0,307.4,4,2.0,242.8,1,0.0,399.2,2,0,493032,0,7
221.0,5.0,211.4,1,0.0,242.0,1,1.0,49.8,1,0.0,0.0,0,399.0,307.4,4,1.0,242.8,1,0.0,399.2,2,0,493032,0,7
222.0,4.0,211.4,1,0.0,242.0,1,1.0,49.8,1,0.0,0.0,0,401.0,307.4,4,2.0,242.8,1,0.0,399.2,2,0,493032,0,7
223.0,6.0,211.4,1,0.0,242.0,1,2.0,49.8,1,0.0,0.0,0,393.0,307.4,4,1.0,242.8,1,0.0,399.2,2,0,493032,0,7
224.0,2.0,211.4,1,0.0,242.0,1,1.0,49.8,1,0.0,0.0,0,400.0,307.4,4,0.0,242.8,1,0.0,399.2,2,0,493032,0,7
225.0,6.0,211.4,1,0.0,242.0,1,1.0,49.8,1,0.0,0.0,0,399.0,307.4,4,1.0,242.8,1,0.0,399.2,2,0,548960,0,7
226.0,3.0,211.4,1,0.0,242.0,1,1.0,49.8,1,0.0,0.0,0,400.0,307.4,4,1.0,242.8,1,0.0,399.2,2,0,548960,0,7
227.0,4.0,211.4,1,1.0,242.0,1,1.0,49.8,1,0.0,0.0,0,400.0,307.4,4,1.0,242.8,1,0.0,399.2,2,0,548960,0,7
228.0,2.0,211.4,1,0.0,242.0,1,1.0,49.8,1,0.0,0.0,0,401.0,307.4,4,1.0,242.8,1,0.0,399.2,2,0,548960,0,7
229.0,6.0,211.4,1,0.0,242.0,1,1.0,49.8,1,0.0,0.0,0,398.0,307.4,4,1.0,242.8,1,0.0,399.2,2,0,548960,0,7
230.0,3.0,211.4,1,0.0,242.0,1,1.0,49.8,1,0.0,0.0,0,399.0,307.4,4,1.0,242.8,1,0.0,399.2,2,0,605448,0,7
231.0,2.0,211.4,1,0.0,242.0,1,1.0,49.8,1,0.0,0.0,0,401.0,307.4,4,1.0,242.8,1,0.0,399.2,2,0,605448,0,7
232.0,4.0,211.4,1,0.0,242.0,1,1.0,49.8,1,0.0,0.0,0,400.0,307.4,4,1.0,242.8,1,0.0,399.2,2,0,605448,0,7
233.0,5.0,211.4,1,0.0,242.0,1,1.0,49.8,1,0.0,0.0,0,400.0,307.4,4,1.0,242.8,1,0.0,399.2,2,0,605448,0,7
234.0,3.0,211.4,1,0.0,242.0,1,2.0,49.8,1,0.0,0.0,0,393.0,307.4,4,1.0,242.8,1,0.0,399.2,2,0,605448,0,7
235.0,4.0,211.4,1,0.0,242.0,1,1.0,49.8,1,0.0,0.0,0,400.0,307.4,4,1.0,242.8,1,0.0,399.2,2,0,661600,0,7
236.0,4.0,211.4,1,0.0,242.0,1,1.0,49.8,1,0.0,0.0,0,400.0,307.4,4,1.0,242.8,1,0.0,399.2,2,0,661600,0,7
237.0,4.0,211.4,1,1.0,248.8,1,1.0,49.8,1,0.0,378.3,3,100.0,76.7,1,1.0,242.8,1,0.0,399.2,2,0,661600,0,7
238.0,4.0,211.4,1,2.0,251.0,1,1.0,49.8,1,0.0,501.0,4,0.0,0.0,0,0.0,242.8,1,0.0,399.2,2,0,661600,0,7
239.0,1.0,211.4,1,0.0,251.3,1,1.0,49.8,1,0.0,374.4,4,0.0,0.0,0,1.0,242.8,1,0.0,399.2,2,0,661600,0,7
240.0,5.0,211.4,1,1.0,251.5,1,1.0,49.8,1,514.0,407.2,4,0.0,0.0,0,3.0,242.8,1,0.0,399.2,2,0,681028,0,7
241.0,5.0,211.4,1,1.0,251.5,1,1.0,49.8,1,268.0,507.9,4,0.0,0.0,0,0.0,242.8,1,0.0,399.2,2,0,681028,0,7
242.0,3.0,211.4,1,1.0,251.8,1,1.0,49.8,1,0.0,505.4,4,0.0,0.0,0,1.0,242.8,1,0.0,399.2,2,0,681028,0,7
243.0,4.0,211.4,1,1.0,251.8,1,2.0,49.8,1,0.0,503.4,4,0.0,0.0,0,1.0,242.8,1,0.0,399.2,2,0,681028,0,7
244.0,7.0,211.4,1,2.0,251.8,1,1.0,49.8,1,0.0,432.5,4,0.0,0.0,0,2.0,242.8,1,0.0,399.2,2,0,681028,0,7
245.0,2.0,211.4,1,0.0,251.8,1,1.0,49.8,1,297.0,502.0,4,0.0,0.0,0,2.0,242.8,1,0.0,399.2,2,0,681028,0,7
246.0,5.0,211.4,1,2.0,252.0,1,2.0,49.8,1,0.0,478.4,4,0.0,0.0,0,1.0,242.8,1,0.0,399.2,2,0,681028,0,7
247.0,3.0,211.4,1,1.0,252.0,1,1.0,49.8,1,291.0,384.5,4,0.0,0.0,0,1.0,242.8,1,0.0,399.2,2,0,681028,0,7
248.0,5.0,211.4,1,0.0,252.0,1,2.0,49.8,1,271.0,413.7,4,0.0,0.0,0,1.0,242.8,1,0.0,399.2,2,0,681028,0,7
249.0,4.0,211.4,1,2.0,252.3,1,1.0,49.8,1,275.0,506.9,4,0.0,0.0,0,1.0,242.8,1,0.0,399.2,2,0,681028,0,7
250.0,4.0,211.4,1,1.0,252.3,1,1.0,49.8,1,0.0,507.3,4,0.0,0.0,0,1.0,242.8,1,0.0,399.2,2,0,681028,0,7
251.0,5.0,211.4,1,1.0,252.3,1,1.0,49.8,1,0.0,479.4,4,0.0,0.0,0,1.0,242.8,1,0.0,399.2,2,0,681028,0,7
252.0,2.0,211.4,1,1.0,252.3,1,1.0,49.8,1,0.0,424.9,4,0.0,0.0,0,1.0,242.8,1,0.0,399.2,2,0,681028,0,7
253.0,6.0,211.4,1,1.0,252.3,1,2.0,49.8,1,268.0,500.8,4,0.0,0.0,0,2.0,242.8,1,0.0,399.2,2,0,681028,0,7
254.0,3.0,211.4,1,1.0,252.3,1,1.0,49.8,1,0.0,471.9,4,0.0,0.0,0,1.0,242.8,1,0.0,399.2,2,0,681028,0,7
255.0,5.0,211.4,1,1.0,252.3,1,1.0,49.8,1,0.0,377.8,4,0.0,0.0,0,1.0,242.8,1,0.0,399.2,2,0,681028,0,7
256.0,5.0,211.4,1,1.0,252.3,1,2.0,49.8,1,534.8,478.9,4,0.0,0.0,0,1.0,242.8,1,0.0,399.2,2,0,681028,0,7
257.0,6.0,211.4,1,2.0,252.3,1,1.0,49.8,1,0.0,384.2,4,0.0,0.0,0,1.0,243.1,1,0.0,399.2,2,0,681028,0,7
258.0,3.0,211.4,1,1.0,252.5,1,1.0,49.8,1,250.0,504.2,4,0.0,0.0,0,2.0,243.3,1,0.0,399.2,2,0,681028,0,7
259.0,4.0,211.4,1,1.0,252.5,1,2.0,49.8,1,0.0,502.2,4,0.0,0.0,0,1.0,243.3,1,0.0,399.2,2,0,681028,0,7
260.0,5.0,211.4,1,2.0,252.5,1,1.0,49.8,1,0.0,429.5,4,0.0,0.0,0,1.0,243.6,1,0.0,399.2,2,0,681028,0,7
261.0,3.0,211.4,1,0.0,252.5,1,1.0,49.8,1,284.0,502.3,4,0.0,0.0,0,1.0,243.6,1,0.0,399.2,2,0,681028,0,7
262.0,5.0,211.4,1,1.0,252.5,1,2.0,49.8,1,0.0,448.4,4,0.0,0.0,0,1.0,243.6,1,0.0,399.2,2,0,681028,0,7
263.0,4.0,211.4,1,2.0,252.5,1,1.0,49.8,1,0.0,315.2,4,0.0,0.0,0,1.0,243.6,1,0.0,399.2,2,0,681028,0,7
264.0,3.0,211.4,1,1.0,252.5,1,1.0,49.8,1,521.0,437.9,4,0.0,0.0,0,1.0,243.6,1,0.0,399.2,2,0,681028,0,7
265.0,7.0,211.4,1,0.0,252.5,1,2.0,49.8,1,0.0,404.2,4,0.0,0.0,0,2.0,243.6,1,0.0,399.2,2,0,681028,0,7
266.0,3.0,211.4,1,1.0,252.5,1,1.0,49.8,1,268.0,506.7,4,0.0,0.0,0,2.0,243.6,1,0.0,399.2,2,0,681028,0,7
267.0,5.0,211.4,1,2.0,252.5,1,1.0,49.8,1,0.0,504.2,4,0.0,0.0,0,1.0,243.6,1,0.0,399.2,2,0,681028,0,7
268.0,3.0,211.4,1,1.0,252.5,1,1.0,49.8,1,0.0,478.9,4,0.0,0.0,0,1.0,243.6,1,0.0,399.2,2,0,681028,0,7
269.0,5.0,211.4,1,1.0,252.5,1,1.0,49.8,1,0.0,385.3,4,0.0,0.0,0,1.0,243.6,1,0.0,399.2,2,0,681028,0,7
270.0,1.0,211.4,1,1.0,252.5,1,1.0,49.8,1,265.0,483.8,4,0.0,0.0,0,0.0,243.6,1,0.0,399.2,2,0,681028,0,7
271.0,5.0,211.4,1,1.0,252.5,1,1.0,49.8,1,0.0,348.0,4,0.0,0.0,0,2.0,243.6,1,0.0,399.2,2,0,681028,0,7
272.0,5.0,211.4,1,2.0,252.5,1,2.0,49.8,1,297.0,376.8,4,0.0,0.0,0,1.0,243.6,1,0.0,399.2,2,0,681028,0,7
273.0,5.0,211.4,1,0.0,252.5,1,1.0,49.8,1,559.0,475.3,4,0.0,0.0,0,1.0,243.6,1,0.0,399.2,2,0,681028,0,7
274.0,2.0,211.4,1,2.0,252.5,1,1.0,49.8,1,0.0,506.9,4,0.0,0.0,0,1.0,243.6,1,0.0,399.2,2,0,681028,0,7
275.0,7.0,211.4,1,1.0,252.5,1,2.0,49.8,1,0.0,507.3,4,0.0,0.0,0,2.0,243.6,1,0.0,399.2,2,0,681028,0,7
276.0,3.0,211.4,1,1.0,252.8,1,1.0,49.8,1,0.0,496.3,4,0.0,0.0,0,1.0,243.6,1,0.0,399.2,2,0,681028,0,7
277.0,6.0,211.4,1,1.0,252.8,1,2.0,49.8,1,0.0,405.8,4,0.0,0.0,0,1.0,243.6,1,0.0,399.2,2,0,681028,0,7
278.0,4.0,211.4,1,1.0,252.8,1,1.0,49.8,1,256.0,312.1,4,0.0,0.0,0,2.0,243.6,1,0.0,399.2,2,0,681028,0,7
279.0,5.0,211.4,1,1.0,252.8,1,2.0,49.8,1,551.9,408.5,4,0.0,0.0,0,1.0,243.6,1,0.0,399.2,2,0,681028,0,7
280.0,5.0,211.4,1,1.0,252.8,1,1.0,49.8,1,260.0,509.8,4,0.0,0.0,0,2.0,243.6,1,0.0,399.2,2,0,681028,0,7
281.0,3.0,211.4,1,2.0,252.8,1,1.0,49.8,1,0.0,505.8,4,0.0,0.0,0,1.0,243.6,1,0.0,399.2,2,0,681028,0,7
282.0,5.0,211.4,1,1.0,252.8,1,1.0,49.8,1,0.0,504.6,4,0.0,0.0,0,1.0,243.6,1,0.0,399.2,2,0,681028,0,7
283.0,3.0,211.4,1,1.0,252.8,1,2.0,49.8,1,0.0,0.0,0,0.0,0.0,0,0.0,243.6,1,0.0,399.2,2,0,681028,0,7
284.0,4.0,211.4,1,0.0,252.8,1,1.0,49.8,1,0.0,0.0,0,0.0,0.0,0,2.0,243.6,1,0.0,399.2,2,0,681028,0,7
285.0,3.0,211.4,1,0.0,252.8,1,1.0,49.8,1,0.0,0.0,0,0.0,0.0,0,1.0,243.6,1,0.0,399.2,2,0,453756,0,7
286.0,4.0,211.4,1,1.0,252.8,1,1.0,49.8,1,0.0,0.0,0,0.0,0.0,0,1.0,243.6,1,0.0,399.2,2,0,453756,0,7
287.0,7.0,211.4,1,7.0,281.0,1,2.0,49.8,1,0.0,0.0,0,0.0,210.6,4,1.0,243.6,1,0.0,399.2,2,0,453756,0,7
288.0,1.0,211.4,1,0.0,281.0,1,0.0,49.8,1,0.0,0.0,0,399.0,308.8,4,1.0,243.6,1,0.0,399.2,2,0,453756,0,7
289.0,6.0,211.4,1,0.0,281.0,1,2.0,49.8,1,0.0,0.0,0,391.0,308.8,4,1.0,243.6,1,0.0,399.2,2,0,453756,0,7
290.0,1.0,211.4,1,0.0,281.0,1,0.0,49.8,1,0.0,0.0,0,400.0,308.8,4,1.0,243.6,1,0.0,399.2,2,0,491284,0,7
291.0,4.0,211.4,1,0.0,281.0,1,2.0,49.8,1,0.0,0.0,0,390.0,308.8,4,1.0,243.6,1,0.0,399.2,2,0,491284,0,7
292.0,2.0,211.4,1,0.0,281.0,1,0.0,49.8,1,0.0,0.0,0,397.0,308.8,4,0.0,243.6,1,0.0,399.2,2,0,491284,0,7
293.0,2.0,211.4,1,0.0,281.0,1,1.0,49.8,1,0.0,0.0,0,386.0,308.8,4,1.0,243.6,1,0.0,399.2,2,0,491284,0,7
294.0,1.0,211.4,1,0.0,281.0,1,0.0,49.8,1,0.0,0.0,0,393.0,308.8,4,1.0,243.6,1,0.0,399.2,2,0,491284,0,7
295.0,4.0,211.4,1,1.0,281.0,1,1.0,49.8,1,0.0,0.0,0,399.0,308.8,4,0.0,243.6,1,0.0,399.2,2,0,545512,0,7
296.0,2.0,211.4,1,0.0,281.0,1,1.0,49.8,1,0.0,0.0,0,400.0,308.8,4,1.0,243.6,1,0.0,399.2,2,0,545512,0,7
297.0,2.0,211.4,1,0.0,281.0,1,0.0,49.8,1,0.0,0.0,0,398.0,308.8,4,1.0,243.6,1,0.0,399.2,2,0,545512,0,7
298.0,2.0,211.4,1,0.0,281.0,1,1.0,49.8,1,0.0,0.0,0,391.0,308.8,4,1.0,243.6,1,0.0,399.2,2,0,545512,0,7
299.0,3.0,211.4,1,0.0,281.0,1,1.0,49.8,1,0.0,0.0,0,389.0,308.8,4,1.0,243.6,1,0.0,399.2,2,0,545512,0,7
300.0,0.0,211.4,1,0.0,281.0,1,0.0,49.8,1,0.0,0.0,0,349.0,308.8,4,1.0,243.6,1,0.0,399.2,2,0,598140,0,7
301.0,4.0,211.4,1,0.0,281.0,1,1.0,49.8,1,0.0,0.0,0,362.3,308.8,4,1.0,243.6,1,0.0,399.2,2,0,598140,0,7
302.0,3.0,211.4,1,1.0,281.0,1,1.0,49.8,1,0.0,0.0,0,328.8,308.8,4,1.0,243.6,1,0.0,399.2,2,0,598140,0,7
303.0,5.0,211.4,1,1.0,281.0,1,1.0,49.8,1,0.0,0.0,0,333.0,308.8,4,2.0,243.6,1,0.0,399.2,2,0,598140,0,7
304.0,2.0,211.4,1,0.0,281.0,1,1.0,49.8,1,0.0,0.0,0,352.0,308.8,4,1.0,243.6,1,0.0,399.2,2,0,598140,0,7
305.0,4.0,211.4,1,0.0,281.0,1,1.0,49.8,1,0.0,0.0,0,348.0,308.8,4,1.0,243.6,1,0.0,399.2,2,0,635092,0,7
306.0,2.0,211.4,1,0.0,281.0,1,0.0,49.8,1,0.0,0.0,0,384.6,308.8,4,2.0,243.6,1,0.0,399.2,2,0,635092,0,7
307.0,5.0,211.4,1,0.0,281.0,1,1.0,49.8,1,0.0,0.0,0,372.9,308.8,4,1.0,243.6,1,0.0,399.2,2,0,635092,0,7
308.0,5.0,211.4,1,0.0,281.0,1,1.0,49.8,1,0.0,0.0,0,340.0,308.8,4,2.0,243.6,1,0.0,399.2,2,0,635092,0,7
309.0,5.0,211.4,1,0.0,281.0,1,2.0,49.8,1,0.0,0.0,0,330.0,308.8,4,1.0,243.6,1,0.0,399.2,2,0,635092,0,7
310.0,3.0,211.4,1,1.0,283.3,1,1.0,49.8,1,0.0,32.3,1,257.7,231.1,3,1.0,243.6,1,0.0,399.2,2,0,675612,0,7
311.0,6.0,211.4,1,2.0,290.0,1,1.0,49.8,1,153.0,398.7,4,0.0,0.0,0,2.0,243.6,1,0.0,399.2,2,0,675612,0,7
312.0,1.0,211.4,1,0.0,290.0,1,0.0,49.8,1,231.0,279.2,4,0.0,0.0,0,1.0,243.6,1,0.0,399.2,2,0,675612,0,7
313.0,2.0,211.4,1,1.0,290.0,1,1.0,49.8,1,823.9,506.5,4,0.0,0.0,0,0.0,243.6,1,0.0,399.2,2,0,675612,0,7
314.0,2.0,211.4,1,2.0,290.0,1,1.0,49.8,1,0.0,506.5,4,0.0,0.0,0,1.0,243.6,1,0.0,399.2,2,0,675612,0,7
315.0,3.0,211.4,1,1.0,290.0,1,1.0,49.8,1,0.0,503.6,4,0.0,0.0,0,0.0,243.6,1,0.0,399.2,2,0,679444,0,7
316.0,2.0,211.4,1,2.0,290.5,1,0.0,49.8,1,0.0,504.0,4,0.0,0.0,0,1.0,243.6,1,0.0,399.2,2,0,679444,0,7
317.0,1.0,211.4,1,1.0,290.5,1,0.0,49.8,1,0.0,487.1,4,0.0,0.0,0,1.0,243.6,1,0.0,399.2,2,0,679444,0,7
318.0,3.0,211.4,1,1.0,290.5,1,1.0,49.8,1,299.0,402.9,4,0.0,0.0,0,1.0,243.6,1,0.0,399.2,2,0,679444,0,7
319.0,2.0,211.4,1,1.0,290.5,1,1.0,49.8,1,0.0,240.4,4,0.0,0.0,0,0.0,243.6,1,0.0,399.2,2,0,679444,0,7
320.0,3.0,211.4,1,0.0,290.8,1,1.0,49.8,1,822.9,505.0,4,0.0,0.0,0,1.0,243.6,1,0.0,399.2,2,0,679444,0,7
321.0,2.0,211.4,1,2.0,290.8,1,1.0,49.8,1,0.0,505.8,4,0.0,0.0,0,1.0,243.6,1,0.0,399.2,2,0,679444,0,7
322.0,1.0,211.4,1,1.0,290.8,1,0.0,49.8,1,0.0,506.8,4,0.0,0.0,0,2.0,243.6,1,0.0,399.2,2,0,679444,0,7
323.0,5.0,211.4,1,2.0,290.8,1,1.0,49.8,1,0.0,509.1,4,0.0,0.0,0,1.0,243.6,1,0.0,399.2,2,0,679444,0,7
324.0,1.0,211.4,1,2.0,290.8,1,0.0,49.8,1,0.0,503.9,4,0.0,0.0,0,1.0,243.6,1,0.0,399.2,2,0,679444,0,7
325.0,2.0,211.4,1,0.0,291.0,1,1.0,49.8,1,0.0,425.9,4,0.0,0.0,0,0.0,243.6,1,0.0,399.2,2,0,679444,0,7
326.0,3.0,211.4,1,2.0,291.0,1,1.0,49.8,1,0.0,278.2,4,0.0,0.0,0,1.0,243.6,1,0.0,399.2,2,0,679444,0,7
327.0,2.0,211.4,1,1.0,291.0,1,0.0,49.8,1,518.0,317.7,4,0.0,0.0,0,0.0,243.6,1,0.0,399.2,2,0,679444,0,7
328.0,3.0,211.4,1,0.0,291.3,1,1.0,49.8,1,546.0,506.8,4,0.0,0.0,0,1.0,243.6,1,0.0,399.2,2,0,679444,0,7
329.0,2.0,211.4,1,1.0,291.3,1,1.0,49.8,1,0.0,506.5,4,0.0,0.0,0,1.0,243.6,1,0.0,399.2,2,0,679444,0,7
330.0,2.0,211.4,1,1.0,291.3,1,1.0,49.8,1,0.0,507.7,4,0.0,0.0,0,1.0,243.6,1,0.0,399.2,2,0,679444,0,7
331.0,1.0,211.4,1,2.0,291.3,1,0.0,49.8,1,0.0,506.6,4,0.0,0.0,0,0.0,243.6,1,0.0,399.2,2,0,679444,0,7
332.0,4.0,211.4,1,1.0,291.3,1,1.0,49.8,1,0.0,478.3,4,0.0,0.0,0,1.0,243.6,1,0.0,399.2,2,0,679444,0,7
333.0,1.0,211.4,1,1.0,291.3,1,1.0,49.8,1,0.0,375.8,4,0.0,0.0,0,1.0,243.6,1,0.0,399.2,2,0,679444,0,7
334.0,3.0,211.4,1,1.0,291.3,1,1.0,49.8,1,266.0,283.9,4,0.0,0.0,0,1.0,243.6,1,0.0,399.2,2,0,679444,0,7
335.0,1.0,211.4,1,0.0,291.3,1,0.0,49.8,1,517.0,413.7,4,0.0,0.0,0,0.0,243.6,1,0.0,399.2,2,0,679444,0,7
336.0,3.0,211.4,1,2.0,291.3,1,1.0,49.8,1,281.0,507.9,4,0.0,0.0,0,0.0,243.6,1,0.0,399.2,2,0,679444,0,7
337.0,4.0,211.4,1,1.0,291.3,1,1.0,49.8,1,0.0,507.5,4,0.0,0.0,0,1.0,243.8,1,0.0,399.2,2,0,679444,0,7
338.0,3.0,211.4,1,2.0,291.3,1,1.0,49.8,1,0.0,504.8,4,0.0,0.0,0,1.0,243.8,1,0.0,399.2,2,0,679444,0,7
339.0,4.0,211.4,1,1.0,291.3,1,1.0,49.8,1,0.0,445.6,4,0.0,0.0,0,1.0,243.8,1,0.0,399.2,2,0,679444,0,7
340.0,0.0,211.4,1,2.0,291.3,1,0.0,49.8,1,0.0,318.9,4,0.0,0.0,0,1.0,243.8,1,0.0,399.2,2,0,679444,0,7
341.0,2.0,211.4,1,0.0,291.3,1,1.0,49.8,1,548.9,432.6,4,0.0,0.0,0,1.0,243.8,1,0.0,399.2,2,0,679444,0,7
342.0,2.0,211.4,1,1.0,291.3,1,0.0,49.8,1,290.0,477.7,4,0.0,0.0,0,1.0,243.8,1,0.0,399.2,2,0,679444,0,7
343.0,1.0,211.4,1,1.0,291.3,1,2.0,49.8,1,0.0,488.4,4,0.0,0.0,0,1.0,243.8,1,0.0,399.2,2,0,679444,0,7
344.0,4.0,211.4,1,1.0,291.3,1,1.0,49.8,1,0.0,434.8,4,0.0,0.0,0,0.0,243.8,1,0.0,399.2,2,0,679444,0,7
345.0,4.0,211.4,1,2.0,291.3,1,1.0,49.8,1,0.0,423.8,4,0.0,0.0,0,2.0,243.8,1,0.0,399.2,2,0,679444,0,7
346.0,1.0,211.4,1,1.0,291.3,1,0.0,49.8,1,0.0,403.9,4,0.0,0.0,0,0.0,243.8,1,0.0,399.2,2,0,679444,0,7
347.0,2.0,211.4,1,2.0,291.3,1,1.0,49.8,1,259.0,501.2,4,0.0,0.0,0,1.0,243.8,1,0.0,399.2,2,0,679444,0,7
348.0,2.0,211.4,1,1.0,291.3,1,1.0,49.8,1,0.0,428.3,4,0.0,0.0,0,0.0,243.8,1,0.0,399.2,2,0,679444,0,7
349.0,2.0,211.4,1,2.0,291.3,1,0.0,49.8,1,299.0,413.3,4,0.0,0.0,0,1.0,243.8,1,0.0,399.2,2,0,679444,0,7
350.0,3.0,211.4,1,0.0,291.3,1,1.0,49.8,1,260.0,411.4,4,0.0,0.0,0,1.0,243.8,1,0.0,399.2,2,0,679444,0,7
351.0,3.0,211.4,1,1.0,291.3,1,0.0,49.8,1,267.0,503.6,4,0.0,0.0,0,1.0,243.8,1,0.0,399.2,2,0,679444,0,7
352.0,2.0,211.4,1,2.0,291.3,1,1.0,49.8,1,0.0,477.4,4,0.0,0.0,0,0.0,243.8,1,0.0,399.2,2,0,679444,0,7
353.0,1.0,211.4,1,1.0,291.3,1,1.0,49.8,1,0.0,413.8,4,0.0,0.0,0,1.0,243.8,1,0.0,399.2,2,0,679444,0,7
354.0,1.0,211.4,1,1.0,291.3,1,0.0,49.8,1,272.0,487.2,4,0.0,0.0,0,0.0,243.8,1,0.0,399.2,2,0,679444,0,7
355.0,3.0,211.4,1,1.0,291.3,1,1.0,49.8,1,0.0,386.3,4,0.0,0.0,0,1.0,243.8,1,0.0,399.2,2,0,679444,0,7
356.0,2.0,211.4,1,1.0,291.3,1,0.0,49.8,1,277.0,399.0,4,0.0,0.0,0,1.0,243.8,1,0.0,399.2,2,0,679444,0,7
357.0,3.0,211.4,1,2.0,291.3,1,1.0,49.8,1,254.0,252.6,2,0.0,0.0,0,1.0,243.8,1,0.0,399.2,2,0,679444,0,7
358.0,2.0,211.4,1,1.0,291.3,1,0.0,49.8,1,0.0,0.0,0,0.0,0.0,0,0.0,243.8,1,0.0,399.2,2,0,679444,0,7
359.0,2.0,211.4,1,0.0,291.3,1,1.0,49.8,1,0.0,0.0,0,0.0,0.0,0,2.0,243.8,1,0.0,399.2,2,0,679444,0,7
360.0,1.0,211.4,1,0.0,291.3,1,1.0,49.8,1,0.0,0.0,0,0.0,0.0,0,0.0,243.8,1,0.0,399.2,2,0,443704,0,7
361.0,1.0,211.4,1,0.0,291.3,1,0.0,49.8,1,0.0,0.0,0,0.0,0.0,0,1.0,243.8,1,0.0,399.2,2,0,443704,0,7
362.0,3.0,211.4,1,0.0,291.3,1,0.0,49.8,1,0.0,0.0,0,0.0,0.0,0,0.0,243.8,1,0.0,399.2,2,0,443704,0,7
363.0,1.0,211.4,1,0.0,291.3,1,1.0,49.8,1,0.0,0.0,0,0.0,0.0,0,1.0,243.8,1,0.0,399.2,2,0,443704,0,7
364.0,2.0,211.4,1,1.0,291.3,1,0.0,49.8,1,0.0,0.0,0,0.0,0.0,0,1.0,243.8,1,0.0,399.2,2,0,443704,0,7
365.0,1.0,211.4,1,0.0,291.3,1,1.0,49.8,1,0.0,0.0,0,0.0,0.0,0,0.0,244.1,1,0.0,399.2,2,0,443704,0,7
366.0,2.0,211.4,1,0.0,291.3,1,0.0,49.8,1,0.0,0.0,0,0.0,0.0,0,1.0,244.1,1,0.0,399.2,2,0,443704,0,7
367.0,2.0,211.4,1,0.0,291.3,1,1.0,49.8,1,0.0,0.0,0,0.0,0.0,0,0.0,244.1,1,0.0,399.2,2,0,443704,0,7
368.0,0.0,211.4,1,0.0,291.3,1,0.0,49.8,1,0.0,0.0,0,0.0,0.0,0,0.0,244.1,1,0.0,399.2,2,0,443704,0,7
369.0,3.0,211.4,1,0.0,291.3,1,1.0,49.8,1,0.0,0.0,0,0.0,0.0,0,1.0,244.1,1,0.0,399.2,2,0,443704,0,7
370.0,1.0,211.4,1,0.0,291.3,1,0.0,49.8,1,0.0,0.0,0,0.0,0.0,0,0.0,244.1,1,0.0,399.2,2,0,412984,0,7
371.0,0.0,211.4,1,0.0,291.3,1,0.0,49.8,1,0.0,0.0,0,0.0,0.0,0,0.0,244.1,1,0.0,399.2,2,0,412984,0,7
372.0,0.0,211.4,1,0.0,291.3,1,0.0,49.8,1,0.0,0.0,0,0.0,0.0,0,0.0,0.0,0,0.0,399.2,2,0,412984,0,7
373.0,0.0,211.4,1,0.0,291.3,1,0.0,49.8,1,0.0,0.0,0,0.0,0.0,0,0.0,0.0,0,0.0,399.2,2,0,412984,0,7
374.0,0.0,211.4,1,0.0,291.3,1,0.0,49.8,1,0.0,0.0,0,0.0,0.0,0,0.0,0.0,0,0.0,399.2,2,0,412984,0,7
